src,true_meaning,literal_translation
आंखें चुराना,to avoid being seen,to hide one’s eyes
आंखों का तारा,beloved person,the star of the eyes
चेहरा उतरना,to be sad or disappointed,the face to fall
दाँतों तले उंगली दबाना,to be very surprised,to press a finger under the teeth
साँस लेना,to feel relieved after hard work,to take a breath
बात पक्की होना,to agree on something or finalize a deal,for the matter to become firm
बाल-बाल बचना,to narrowly escape from trouble,to be saved by a hair
अक्ल का दुश्मन,a fool who avoids wisdom,enemy of wisdom
जान पर खेलना,to act fearlessly or take great risks,to play with one’s life
पेट में चूहे कूदना,to be extremely hungry,mice jumping in the stomach
आसमान पर चढ़ना,to be proud or overconfident,to climb onto the sky
आकाश पाताल का अंतर,to be vastly different,difference between sky and netherworld
हवा से बातें करना,to move very fast,to talk with the wind
पत्थर की लकीर,to be firm on one’s word or decision,a line of stone
पहाड़ टूट पड़ना,to face a huge problem or calamity,a mountain breaking and falling (upon)
ईद का चाँद होना,to appear after a long time (a rare person),to be the moon of Eid
चकमा देना,to deceive or trick someone,to give a dodge/trick
उल्टी गंगा बहना,something unusual or against norms happening,the Ganga to flow in reverse
छक्के छुड़ाना,to defeat completely,to make someone’s sixes come out
फूँक-फूँक कर कदम रखना,to act very cautiously,to place steps after blowing (carefully)
दम में दम आना,to regain courage or relief after fear,breath to come into one’s breath
दाँत से दाँत बजाना,to shiver from cold,to make tooth strike tooth (chatter)
मुँह में पानी आना,to be tempted by delicious food,water to come into the mouth
नाक काटना,to disgrace or embarrass someone,to cut the nose
कमर टूटना,to feel exhausted or discouraged,the waist to break
कमर कसना,to prepare oneself for a challenge,to tighten the waist (belt)
कलेजा पत्थर का होना,to be mentally or emotionally very strong,the liver/heart to be of stone
दाँत खट्टे करना,to defeat someone badly,to make the teeth sour
ईंट से ईंट बजाना,to completely destroy or demolish someone,to make brick strike brick
नाक में दम करना,to annoy someone constantly,to put breath in the nose
नाक पर मक्खी न बैठने देना,to be strict or disciplined,to not let a fly sit on the nose
नाक कट जाना,to lose one's honor or respect,the nose to get cut
नाक में तेल डालकर सोना,to sleep carefreely without worries,to sleep after putting oil in the nose
नाक का सवाल होना,to be a matter of pride or ego,to be a question of the nose (honor)
नाक भौं सिकोड़ना,to show disapproval,to wrinkle the nose and brows
नाक नीची करना,to humiliate publicly,to make the nose low
कान खड़े होना,to become alert or suspicious,for the ears to stand up
कान पर जूँ न रेंगना,to remain unaffected or unmoved,for not even a louse to crawl on the ear
कान में तेल डालना,to ignore someone's words,to pour oil into the ear
कान में फूंक मारना,to influence or manipulate someone secretly,to blow a puff into the ear
कान पकड़ना,to vow never to repeat a mistake,to hold the ears
कान भरना,to manipulate someone against another,to fill the ears
कान काटना,to outsmart completely,to cut the ear
आसमान सिर पर उठाना,to create a big commotion or panic,to lift the sky onto one’s head
आसमान से बातें करना,to reach great heights or success,to talk with the sky
आसमान से गिरे खजूर में अटके,to fall from one trouble into another,"having fallen from the sky, stuck in a date-palm"
आग बबूला होना,to become extremely angry,to become fire-foaming (blazing angry)
आग में घी डालना,to worsen an already bad situation,to pour ghee into the fire
आग में कूदना,to take a dangerous risk,to jump into the fire
आग लगना,to become furious or jealous,for fire to catch
आग ठंडी होना,to calm down after anger,for the fire to cool
आग उगलना,to speak harshly or aggressively,to spit/emit fire
आग से खेलना,to invite danger knowingly,to play with fire
आग लगाना,to instigate or provoke trouble,to set on fire
आग दिखाना,to show anger or power,to show fire
आग लग जाना,to feel jealous or restless,for fire to get lit
आग बन जाना,to become furious,to become fire
आग पर तेल डालना,to intensify an argument or situation,to pour oil on the fire
धूल चाटना,to face defeat or humiliation,to lick dust
धूल फाँकना,to struggle in poverty or hardship,to gulp/eat dust
धूल झाड़ना,to scold or reprimand strongly,to shake off dust
धूल में मिलाना,to destroy completely,to mix into dust
धूल उड़ाना,to make a scene unnecessarily,to raise/fly dust
धूल झोंकना,to deceive or mislead someone,to throw dust (in the eyes)
हवा निकल जाना,to lose courage suddenly,for the air to go out
हवा खा जाना,to run away secretly,to eat wind
हवा में उड़ाना,to waste money carelessly,to throw/waft in the air
हवा बन जाना,to disappear quickly,to become air
हवा में बात करना,to speak without proof or sense,to speak into the air
हवा लगना,to be influenced by others,to catch/get the wind
हवा देना,to encourage or instigate something,to give air
हवा बदलना,to change situation or environment,to change the air
हवा चखना,to get a taste of something new (usually trouble),to taste the air
हवा बंद होना,to lose confidence completely,for the air to stop
आँख में धूल झोंकना,to deceive or fool someone,to throw dust into the eye
आँखें फटी की फटी रह जाना,to be shocked or amazed,for the eyes to remain torn-open
आँखों में धूल झोंकना,to cheat someone cleverly,to throw dust into the eyes
आँखों में बस जाना,to win someone’s heart,to come to reside in the eyes
आँखों से ओझल होना,to disappear from sight,to be hidden from the eyes
आँख दिखाना,to threaten or scold harshly,to show the eye
आँख तरेरना,to glare angrily,to glare with the eyes
आँखें फाड़ना,to stare in surprise,to rip/tear the eyes open (goggle)
आँखें मूँदना,to ignore intentionally,to shut/close the eyes
आँखों में आँसू आना,to become emotional or sad,for tears to come into the eyes
दिल लगाना,to fall in love,to attach the heart
दिल तोड़ना,to break someone's heart,to break the heart
दिल जीतना,to win someone's affection,to win the heart
दिल पर लेना,to take something personally,to take to the heart
दिल लगाकर काम करना,to work wholeheartedly,to work with the heart attached
दिल में बात रखना,to hide one’s feelings,to keep the matter in the heart
दिल पर पत्थर रखना,to act bravely despite pain,to place a stone on the heart
दिल जलना,to feel jealous or envious,for the heart to burn
दिल बहलाना,to distract from sadness,to amuse/console the heart
दिल धड़कना,to feel nervous or excited,for the heart to beat
दिल खोलकर देना,to be generous,to give with the heart open
दिल में चोर होना,to have guilt or bad intentions,for there to be a thief in the heart
दिल में बसना,to be deeply loved or remembered,to dwell in the heart
दिल का हाल बताना,to express inner feelings,to tell the condition of the heart
दिल टूट जाना,to feel heartbroken,for the heart to break
दिल खुश हो जाना,to become happy,for the heart to become happy
दिल में बात आना,to get an idea or feeling,for a thought to come into the heart
दिल से उतर जाना,to lose affection or trust,to descend/fall from the heart
दिल से लगाना,to love or treat affectionately,to press/hold to the heart
दिल लगा रहना,to stay interested or focused,to remain heart-attached
दिमाग चलना,to think cleverly,for the mind/brain to run
दिमाग खराब होना,to lose temper or sanity,for the mind to go bad
दिमाग लगाना,to use intelligence or creativity,to apply the mind
दिमाग ठिकाने लगाना,to discipline or bring to senses,to put the mind in its place
दिमाग का दही होना,to get mentally exhausted,the brain to become curd
दिमाग घुमाना,to confuse or manipulate someone,to spin/turn someone’s mind
दिमाग का ताला खोलना,to start thinking or understanding,to open the lock of the mind
दिमाग खाना,to irritate by constant nagging,to eat the brain
दिमाग लग जाना,to focus attention on something,for the mind to get engaged
दिमाग में बात आना,to get a sudden idea,for an idea to come into the mind
पानी-पानी होना,to feel embarrassed or ashamed,to become water-water
पानी फिर जाना,to have plans fail suddenly,for water to go over (it)
पानी मांगना,to beg for mercy,to ask for water
पानी उतारना,to humiliate someone publicly,to bring down/drain the water
पानी सिर से गुजरना,to reach the limit of patience,for water to pass over the head
पानी में आग लगाना,to attempt the impossible,to set fire in water
पानी पर लिखा,to be temporary or futile,written on water
पानी बराबर होना,to be equal in strength or skill,to be equal like water
पानी पीना,to feel comfortable after fear,to drink water
पानी मांगना पड़ना,to be defeated badly,to have to ask for water
पानी लाना,to bring respect or reputation,to bring/fetch water
हाथ बँटाना,to help or assist someone,to share/divide the hand
हाथ धोकर पीछे पड़ना,to chase or target relentlessly,to wash one’s hands and go after
हाथ खड़े कर देना,to give up completely,to make (one) raise hands
हाथ पाँव फूल जाना,to panic or get nervous,for hands and feet to bloom
हाथ मलना,to regret something deeply,to rub the hands
हाथ साफ़ होना,to be skilled or experienced,for the hand to be clean
हाथ पर हाथ धरे रहना,to do nothing,to keep one hand resting on the other
हाथ की सफाई दिखाना,to show cleverness or skill,to show the hand’s cleanliness (sleight)
हाथ में लेना,to take responsibility for something,to take in hand
हाथ से निकल जाना,to miss an opportunity,to go out of the hand
हाथ लगना,to get caught or succeed,to come to the hand
हाथ धोना,to lose something completely,to wash hands
हाथ मिलाना,to collaborate or agree,to join hands
हाथ बाँधना,to restrict or tie someone’s ability,to tie/bind the hands
हाथ ऊँचा होना,to be more powerful or dominant,for the hand to be higher
हाथ जलना,to learn by mistake,for the hand to be burned
हाथ थामना,to support someone,to hold the hand
हाथ पसारना,to beg or plead,to spread the hand (for alms)
हाथ काटना,to separate or break relation,to cut the hand
हाथ मोड़ना,to refuse or reject something,to twist the hand
पैर पसारना,to spend or expand beyond means,to spread the feet
पैर जमाना,to settle firmly,to set the feet firm
पैर पकड़ना,to beg for forgiveness,to hold the feet
पैर तले ज़मीन खिसकना,to be shocked or lose ground,for the ground to slip from under the feet
पैर पर कुल्हाड़ी मारना,to harm oneself by one’s own actions,to strike an axe on one’s foot
पैर पीछे खींचना,to withdraw from commitment,to pull the feet back
पैर फैलाना,to extend scope gradually,to spread the feet
पैर रोकना,to restrain or hesitate,to stop the feet
पैर रखना,to begin something new,to place a foot
पैर उठाना,to show disrespect or overconfidence,to lift the foot
मुँह बनाना,to show annoyance or sadness,to make a face
मुँह खोलना,to start speaking up,to open the mouth
मुँह लटकाना,to look disappointed,to hang the face
मुँह की खाना,to suffer humiliation,to eat of the mouth
मुँह मोड़ना,to turn away or refuse help,to turn the face away
मुँह दिखाना,to appear shamelessly after wrongdoing,to show the face
मुँह में राम बगल में छुरी,to be deceitful in nature,"Ram in the mouth, knife in the armpit"
मुँह माँगी मुराद मिलना,to get exactly what one wanted,to get the wish asked by mouth
मुँह बंद रखना,to stay silent,to keep the mouth closed
मुँह खुलवाना,to make someone speak,to make (someone) open the mouth
मुँह चुराना,to avoid facing someone,to hide/steal the face (avoid)
मुँह तोड़ जवाब देना,to give a fitting reply,to give a mouth-breaking reply
मुँह में घी शक्कर,used to bless or hope for good news,ghee and sugar in the mouth
मुँह लगना,to act too familiar with elders,to get attached to the mouth
मुँह में जुबान न होना,to be timid or unable to speak up,to not have a tongue in the mouth
मुँह से बात निकलना,to accidentally reveal something,for the words to come out of the mouth
हिम्मत हारना,to lose courage,to lose courage
हिम्मत रखना,to stay strong and confident,to keep courage
हिम्मत बाँधना,to encourage oneself,to tie/bind courage
हिम्मत जुटाना,to gather courage,to gather courage
हिम्मत टूटना,to become hopeless,for courage to break
हिम्मत दिखाना,to show bravery,to show courage
हिम्मत बढ़ाना,to motivate or encourage someone,to increase courage
जुबान चलाना,to talk disrespectfully,to run the tongue
जुबान फिसलना,to say something by mistake,for the tongue to slip
जुबान देना,to make a promise,to give one’s tongue (word)
जुबान रखना,to keep one’s word,to keep one’s tongue (word)
जुबान काटना,to regret saying something,to cut/bite the tongue
जुबान पकड़ना,to hold someone to their words,to catch/hold the tongue
जुबान पर काबू रखना,to control speech,to keep control on the tongue
जुबान लगना,to get into an argument,to get on the tongue
जुबान बंद रखना,to stay silent intentionally,to keep the tongue shut
दाँत पीसना,to show silent anger,to grind the teeth
दाँत दिखाना,to laugh unnecessarily,to show the teeth
दाँत गिनाना,to mock or insult someone,to count the teeth
दाँत काटी रोटी,to have a close friendship,tooth-bitten bread
दाँत टूट जाना,to be defeated or embarrassed,for the teeth to break
पसीना बहाना,to work hard,to make sweat flow
पसीना छुड़ाना,to frighten or exhaust,to make someone break into sweat
पसीना निकलना,to feel nervous or hot,for sweat to come out
पसीना-पसीना होना,to be drenched in sweat (from work or fear),to become sweat-sweat (drenched)
खून पसीना एक करना,to work tirelessly,to make blood and sweat one
खून खौलना,to feel extreme anger,for the blood to boil
खून जलाना,to waste emotional energy,to burn blood
खून चूसना,to exploit someone harshly,to suck blood
खून में उबाल आना,to be fired up with passion,for the blood to come to a boil
खून पसीने की कमाई,hard-earned money,earnings of blood and sweat
खून सफेद होना,to become heartless or selfish,for the blood to become white
खून चढ़ना,to feel energetic or brave,for the blood to rise
खून उतरना,to lose courage suddenly,for the blood to descend
पसीने छूटना,to panic under pressure,for sweats to break out
खून जम जाना,to be terrified,for the blood to freeze/clot
खून देना,to sacrifice selflessly,to give blood
खून का रिश्ता,blood relation,a relation of blood
खून बहाना,to fight fiercely,to make blood flow
खून खराबा होना,to result in violence or bloodshed,for bloodshed/ruin to happen
दिल थाम लेना,to feel suspense or fear,to hold the heart
दिल लगा लेना,to fall in love deeply,to set/attach the heart
दिल में आग लगना,to feel jealousy or anger,for fire to ignite in the heart
दिल दहल जाना,to be terrified,for the heart to shudder
दिल धकधक करना,to feel nervous or anxious,for the heart to throb ‘dhak-dhak’
दिल में उतरना,to become likable or close to heart,to descend into the heart
दिल में ठंडक पड़ना,to feel relief or satisfaction,for coolness to fall in the heart
दिल को छू जाना,to touch emotionally,to go and touch the heart
दिल जीत लेना,to win affection,to win the heart
दिल में कसक रह जाना,to feel unfulfilled desire or regret,for a pang to remain in the heart
दिल का चैन खोना,to lose peace due to love or worry,to lose the heart’s peace
दिल बहल जाना,to feel consoled,for the heart to be consoled/amused
दिल कड़ा करना,to act firmly despite emotions,to make the heart hard
दिल बैठ जाना,to lose hope or courage,for the heart to sit/sink
दिल बदलना,to change one’s opinion or feelings,to change the heart
"साँप निकल गया, लकीर पीटते रह गए",to act after the damage is already done,the snake went out; (they) kept beating the line
साँप सूँघ जाना,to become completely silent out of fear,for a snake to sniff (one)
साँप और नेवले की लड़ाई,a fight between sworn enemies,a snake-and-mongoose fight
साँप के मुँह में छछूंदर,to be stuck in an impossible situation,a shrew in the snake’s mouth
साँप को दूध पिलाना,to favor someone who will harm you later,to feed milk to a snake
साँप की केंचुली बदलना,to change completely in nature or appearance,for a snake to change its slough/skin
साँप भी मर जाए और लाठी भी न टूटे,to solve a problem smartly without harm to anyone,the snake die too and the stick not break
साँप का बच्चा,a dangerous or deceitful person,a snake’s offspring
साँप के बिल में हाथ डालना,to invite trouble knowingly,to put a hand into a snake’s burrow
साँप निकलते ही लकीर पीटना,to regret after losing the opportunity,to beat the line once the snake has left
शेर की सवारी करना,to take a dangerous or risky decision,to ride a lion
शेर बनना,to act bravely or arrogantly,to become a lion
शेर का दिल रखना,to be very courageous,to keep/have a lion’s heart
शेर के मुँह में हाथ डालना,to challenge danger directly,to put a hand in a lion’s mouth
शेर की तरह गरजना,to speak fearlessly or loudly,to roar like a lion
शेर का शिकार करना,to achieve a big or risky goal,to hunt a lion
लोमड़ी की तरह चालाक,to be extremely cunning,cunning like a fox
कुत्ते की तरह भौंकना,to shout without reason,to bark like a dog
कुत्ते की मौत मरना,to die miserably or without dignity,to die a dog’s death
कुत्ते की पूँछ टेढ़ी की टेढ़ी,bad habits never change,a dog’s tail—crooked remains crooked
कुत्ते के भौंकने से हाथी नहीं रुकता,great people ignore petty criticism,by a dog’s barking the elephant doesn’t stop
कुत्ते की दुम टेढ़ी की टेढ़ी,incorrigible by nature,a dog’s tail—crooked-crooked
कुत्ते की तरह पीछे पड़ना,to chase someone relentlessly,to get after (someone) like a dog
बंदर क्या जाने अदरक का स्वाद,the unworthy cannot appreciate value,what would a monkey know of ginger’s taste
बंदर के हाथ में उस्तरा,a dangerous thing in foolish hands,a razor in a monkey’s hand
बंदर नाच देखना,to enjoy entertainment or drama,to watch a monkey dance
बंदर घुड़की देना,to make empty threats,to give a monkey-like browbeating
बंदर के हाथ नारियल,valuable thing with an undeserving person,a coconut in a monkey’s hand
बिल्ली के गले में घंटी बाँधना,to take initiative in a dangerous task,to tie a bell on the cat’s neck
बिल्ली की तरह मुँह बनाना,to act innocent after wrongdoing,to make a face like a cat
बिल्ली की तरह चुप रहना,to remain silent out of guilt or fear,to stay quiet like a cat
बिल्ली के भाग्य से छींका टूटा,to get something valuable by pure luck,by the cat’s fortune the hanging rack broke
चूहे बिल्ली का खेल,a game of chase and evasion,a cat-and-mouse game
चूहे दौड़ना,to feel hungry,mice to run (about)
गधे के सिर से सींग गायब,something missing without a trace,horns gone from the donkey’s head
गधे पर बैठकर शेर की बात करना,to act proud without reason,to sit on a donkey and talk of a lion
गधे को घोड़ा बनाना,to exaggerate someone’s abilities,to make a donkey into a horse
गधे को फूलों की माला पहनाना,to honor an undeserving person,to put a garland of flowers on a donkey
गधे के कान में बांसुरी,to waste effort on someone ignorant,a flute in a donkey’s ear
गाय का दूध पीना,to live peacefully and simply,to drink the cow’s milk
गाय बनना,to act innocent or submissive,to become a cow
गाय के आगे बीन बजाना,to explain something to someone who won’t understand,to play a reed-pipe before a cow
ऊँट के मुँह में जीरा,too little for a large need,cumin in a camel’s mouth
ऊँट पहाड़ के नीचे,to meet one’s superior or defeat,camel beneath the mountain
ऊँट के मुँह में खजूर,tiny reward for great effort,a date in a camel’s mouth
ऊँट की चाल चलना,to act steadily but slowly,to walk with the camel’s gait
ऊँट रेत में सिर छिपाना,to ignore reality or hide from truth,for the camel to hide its head in sand
घोड़े बेचकर सोना,to sleep peacefully without worry,to sleep having sold the horses
घोड़े पर सवार होना,to be in a hurry or overexcited,to be mounted on a horse
घोड़े का नाल पहनना,to try something superstitious for luck,to wear a horse’s horseshoe
घोड़े की लगाम कसना,to tighten control,to tighten the horse’s reins
घोड़े दौड़ाना,to act hastily without thinking,to run the horses
मछली पानी से बाहर,to feel uncomfortable in a strange place,fish out of water
मछली हाथ से निकलना,to miss an opportunity,for the fish to slip from the hand
मछली पकड़ना,to manipulate a situation for gain,to catch fish
मछली मरना,to face downfall silently,for a fish to die
मगरमच्छ के आँसू,false show of sympathy,crocodile’s tears
मगरमच्छ बनना,to act powerful or arrogant falsely,to become a crocodile
मगरमच्छ का शिकार करना,to take on a huge challenge,to hunt a crocodile
सांड बनना,to act angrily or uncontrollably,to become a bull
सांड को लाल कपड़ा दिखाना,to provoke someone deliberately,to show a red cloth to a bull
सांड की तरह दौड़ना,to rush without thinking,to run like a bull
सांड की तरह जिद्दी,to be very stubborn,stubborn like a bull
सांड की तरह ताकतवर,to be physically strong,strong like a bull
तेल देखो तेल की धार,to wait and watch patiently,look at the oil—the stream of the oil
तेल लगाना,to flatter or please for benefit,to apply oil
तेल निकलना,to get exhausted completely,for oil to come out
तेल पानी एक होना,to be completely incompatible,for oil and water to be one
तेल जलाना,to work hard late into the night,to burn oil
धन पानी की तरह बहाना,to waste money lavishly,to let wealth flow like water
धन दौलत इकट्ठी करना,to accumulate wealth,to gather wealth and riches
धन का घमंड होना,to be arrogant about wealth,to have pride of wealth
धन के पीछे भागना,to be greedy for money,to run after wealth
धन का नशा चढ़ना,to be blinded by riches,for the intoxication of wealth to rise
धन कमाना,to earn wealth,to earn wealth
धन की बरसात होना,to receive great fortune,for a rain of wealth to occur
धन को पानी समझना,to spend carelessly,to consider wealth as water
धन का दुरुपयोग करना,to misuse wealth,to misuse wealth
धन देना,to offer charity or contribution,to give wealth
नजर लगना,to be jinxed or affected by envy,for the (evil) eye to be cast
नजर उतारना,to remove the evil eye,to take off/ward off the eye
नजर बचाना,to avoid eye contact,to save oneself from the eye
नजर डालना,to glance or check,to cast a glance
नजर चुराना,to avoid someone intentionally,to steal/avoid the eye
नजर रखना,to keep watch on something,to keep an eye
नजर मिलाना,to look straight and confidently,to meet the eyes
नजर में आना,to get attention or recognition,to come into sight
नजर से गिरना,to lose respect in someone’s eyes,to fall from (someone’s) eyes
नजरों में बसना,to be deeply admired or loved,to dwell in (someone’s) eyes
मुँह की बात छीनना,to say what someone was about to say,to snatch the words from (someone’s) mouth
रूठा मन मनाना,to reconcile after disagreement,to coax the sulking mind/heart
मन बनना,to decide willingly,for the mind to be made
मन भरना,to lose interest or get satisfied,for the mind to fill/satiate
मन लगाना,to stay focused,to set the mind (on)
मन मारना,to suppress one’s desires,to kill/suppress the mind
मन में बैठना,to be convinced deeply,to sit in the mind
मन में बात रखना,to keep things inside,to keep the matter in the mind
मन बहलाना,to divert oneself pleasantly,to amuse/entertain the mind
मन से उतरना,to lose affection for someone,to come down from the heart/mind (lose favor)
मनमानी करना,to act selfishly or on one’s own terms,to do according to one’s own mind
दो नावों पर सवार होना,to try doing two opposite things at once,to ride on two boats
दूध का जला छाछ भी फूंककर पीता है,"once bitten, twice shy",one burned by milk even blows on buttermilk before drinking
"दूध का दूध, पानी का पानी करना",to reveal the truth or clarify everything,to make milk (be) milk and water (be) water
दूध में मक्खी की तरह,an unwanted person in a good place,like a fly in milk
दूध का कर्ज चुकाना,to repay parents' love and care,to repay the debt of milk
दूध में नीम का पत्ता,something that ruins a good thing,a neem leaf in milk
दूध का दूध अलग करना,to identify right and wrong clearly,to separate milk as milk
दूध की धार बनना,to prosper or flourish,to become a stream/jet of milk
दूध पीता बच्चा नहीं हूँ,I’m not naive anymore,I am not a milk-drinking child
दूध की नदियाँ बहाना,to dream of prosperity,to make rivers of milk flow
घर की मुर्गी दाल बराबर,to undervalue what one has,the chicken of the house equals lentils
घर फूँक तमाशा देखना,to risk everything for curiosity,to burn the house and watch the show
घर का भेदी लंका ढाए,an insider can cause great harm,the insider of the house topples Lanka
घर की बात बाहर निकलना,to leak private matters,the house’s talk to go outside
घर बसाना,to settle down or start a family,to set up/build a home
घर उजड़ना,to lose everything,the home to be ruined
घर में घुसकर मारना,to attack boldly,to enter the house and beat
घर का रास्ता भूल जाना,to wander aimlessly or forget priorities,to forget the way home
घर आँगन में झगड़ा,domestic disputes,a quarrel in the house courtyard
घर की लक्ष्मी,a woman considered the prosperity of a home,the house’s Lakshmi
आम के आम गुठलियों के दाम,double benefit from one effort,"mangoes as mangoes, pits for a price too"
आम रास्ता पकड़ना,to take the easy or common way,to take the common road
आम आदमी,a common man,common man
आमदनी अठन्नी खर्चा रुपैया,expenses exceeding income,"income half a rupee, expense a rupee"
"आम खाने वाले बनो, पेड़ मत गिनो",enjoy benefits without overanalyzing,"be mango-eaters, don’t count the trees"
आमदनी बढ़ाना,to increase income,to increase income
अंधे के हाथ बटेर लगना,to get lucky unexpectedly,a quail falling into a blind person’s hand
अंधा कानून,law that doesn’t see right and wrong,blind law
अंधेरे में तीर चलाना,to try without knowledge,to shoot an arrow in the dark
अंधे को अंधेरे में बहुत दूर की सूझी,to overestimate one’s own understanding,"to a blind person, in darkness, perceiving the far-off"
अंधे के हाथ में आइना,a useless thing in wrong hands,a mirror in a blind person’s hand
अंधों में काना राजा,to shine among the incompetent,"among the blind, the one-eyed is king"
काला अक्षर भैंस बराबर,to be illiterate or uneducated,black letters equal a buffalo
काला धन,black or illegal money,black money
काला मन,evil thoughts or intentions,black heart/mind
काले मन का इंसान,a person with bad heart,a person of a black heart
काली करतूत,bad or shameful deeds,black deeds
काली रात में दिया जलाना,to hope amidst despair,to light a lamp on a black night
काली कमाई,illegal earnings,black earnings
काली मिर्च लगाना,to exaggerate a story,to apply black pepper
काली नीयत,to have bad intentions,black intention
काला सच,an unpleasant hidden truth,black truth / dark truth
बीज बोना,to initiate an idea or event,to sow seed
बीज बोकर फल काटना,to reap what one sows,to sow seed and reap fruit
बीज से पेड़ बनना,to see progress from small beginnings,"from seed, a tree to become"
बीज बोकर काँटे काटना,to face consequences of one’s actions,to sow seeds and cut thorns
बीज बदलना,to change the foundation or cause,to change the seed
बीज नष्ट करना,to end something at its root,to destroy the seed
बीज जमना,to start taking effect,for the seed to set/germinate
बीज बोने वाला,one who starts a trend or cause,one who sows seed
बीज रोपना,to initiate growth or influence,to plant seed
बीज काटना,to destroy the base of something,to cut the seed
थाली का बैंगन,someone who changes sides easily,eggplant of the plate
थाली में नमक खाना,to benefit from someone’s kindness,to eat salt in (someone’s) plate
थाली में छींद लगाना,to betray the one who helped,to make a slit/hole in the plate
थाली बजाना,to protest or express excitement,to bang the plate
थाली का खाना,a share of resources or wealth,food of the plate
थाली में रखना,to serve something easily,to place in the plate
थाली पलटना,to go against one’s own,to flip the plate
थाली की रोटी बनना,to be part of a group or system,to become the plate’s roti
थाली चाटना,to exploit something completely,to lick the plate
थाली में परोसना,to give ready-made success,to serve on a plate
चिराग तले अंधेरा,to overlook what’s right before you,darkness beneath the lamp
चिराग जलना,to bring light or hope,the lamp to light
चिराग बुझना,to lose hope or family support,the lamp to go out
चिराग दिखाना,to guide or help someone,to show a lamp
चिराग लेकर ढूँढना,to search very carefully,to search carrying a lamp
चिराग तले छिपना,to hide in the most obvious place,to hide under the lamp
चिराग की तरह जलना,to sacrifice oneself for others,to burn like a lamp
चिराग घर का बुझना,to lose a loved one,the household’s lamp to go out
चिराग को हवा लगना,to face danger or crisis,for the lamp to catch wind
चिराग हाथ में होना,to have control or guidance,to have a lamp in hand
भेड़ चाल चलना,to follow others blindly,to walk the sheep’s gait
भेड़ बनना,to lack independent thought,to become a sheep
भेड़ की तरह भागना,to run after the crowd,to run like sheep
भेड़िया बनना,to be cruel or selfish,to become a wolf
भेड़ का रूप धारण करना,to appear innocent while being deceitful,to assume the form of a sheep
भेड़ की खाल में भेड़िया,a dangerous person pretending to be gentle,a wolf in sheep’s skin
भेड़ के पीछे भेड़,to imitate without thinking,sheep behind sheep
भेड़ की तरह झुंड में रहना,to depend on others’ lead,to live in a flock like sheep
भेड़ की तरह बोलना,to agree without question,to speak like sheep (bleat)
भेड़िया आया कहकर झूठ बोलना,to lie so often that no one believes you later,to say ‘the wolf has come’ and lie
ईमान बेचना,to sacrifice integrity for gain,to sell honesty/conscience
ईमान पर आँच आना,to face moral challenge,for heat/flame to come upon honesty
ईमानदार बनना,to act honestly,to become honest
ईमान का सौदा करना,to compromise ethics for money,to trade one’s honesty
ईमान की कमाई,honest earnings,earnings of honesty
ईमान दिखाना,to prove one’s honesty,to show honesty
ईमानदारी निभाना,to act truthfully and faithfully,to uphold honesty
ईमान का साथी,a trustworthy companion,companion/partner of honesty
ईमान से उतरना,to become dishonest,to step down from honesty
ईमान की परीक्षा देना,to face a test of character,to give a test of honesty
झूठ बोलना,to tell a lie,to speak a lie
झूठ पकड़ना,to catch a lie or liar,to catch a lie
झूठ की पोल खोलना,to expose deceit,to open the seams of a lie
झूठा बहाना बनाना,to make false excuses,to make a false excuse
झूठ बोलकर बचना,to lie and escape consequences,to escape by telling a lie
झूठ फैलाना,to spread lies,to spread lies
झूठ सच बनाना,to manipulate facts to appear true,to make a lie into truth
झूठ पर झूठ बोलना,to keep lying,to speak lie upon lie
झूठ से मुँह मोड़ना,to stay away from falsehood,to turn one’s face away from lies
झूठ पकड़ा जाना,to get caught lying,to be caught lying
एक तीर से दो निशाने,to achieve two goals with one action,"with one arrow, two targets"
नौ दो ग्यारह होना,to run away quickly,to become nine two eleven
खयाली पुलाव पकाना,to daydream unrealistic plans,to cook imaginary pulao
दाल में कुछ काला है,something is suspicious,there is something black in the lentils
दाल न गलना,a plan not working out,the lentils not cooking
जले पर नमक छिड़कना,to make someone’s pain worse,to sprinkle salt on a burn
सोने पर सुहागा,an added bonus to something good,suhaaga on top of gold
रामबाण उपाय,a sure-shot remedy,Rama’s-arrow remedy
आसमान से तारे तोड़ना,to promise or attempt the impossible,to pluck stars from the sky
सात समुंदर पार,very far away,across seven seas
अब पछताए होत क्या जब चिड़ियाँ चुग गई खेत,repenting after the damage is done,"what use repenting now, when birds have pecked the field"
हाथ कंगन को आरसी क्या,no proof needed for the obvious,what mirror for a bangle on the wrist
तिल का ताड़ बनाना,to exaggerate a small issue,to make a palm tree out of a sesame seed
ठोकर खाना,to stumble and learn from mistakes,to stumble/strike the toe
ठंडा बस्ता डालना,to shelve a matter indefinitely,to put into a cold bag
ठंडी साँस भरना,to sigh in sorrow,to heave a cold sigh
जी का जंजाल,a constant nuisance,a snare of the life/soul
जी जान से लगना,to put one’s heart and soul into it,to apply life and soul
पीठ पीछे वार करना,to backstab someone,to strike behind the back
पीठ थपथपाना,to praise or encourage,to pat the back
पीठ दिखाना,to run away from a challenge,to show the back
पत्ता साफ होना,to be removed or eliminated,for the leaf/card to be cleared
पत्ते खोलना,to reveal one’s plans,to open the cards
पलड़ा भारी होना,to have the upper hand,for the balance-pan to be heavy
फटे में टांग अड़ाना,to meddle where not needed,to stick a leg into a tear
फूटी किस्मत,very bad luck,broken luck
फूटी कोड़ी,a tiny amount of money,a broken cowrie/coin
फूल नहीं समाना,to be overjoyed,"to be swollen, not contained"
रंग में भंग पड़ना,to have celebrations spoiled,for bhang to fall into the dye/color
रंग बदलना,to betray or change stance,to change color
रंग लाना,to succeed,to bring color
रंगे हाथ पकड़ा जाना,to be caught red-handed,to be caught with colored hands
लकीर का फ़कीर,to follow tradition blindly,a fakir of the line
लंबी-लंबी छोड़ना,to boast with tall claims,to leave off long-long (claims)
लोहा मानना,to acknowledge someone’s superiority,to accept the iron
लोहा गरम है चोट कर,strike while the iron is hot,iron is hot—strike a blow
दिन-दुगनी रात-चौगुनी तरक्की,"rapid, compounding growth","day double, night quadruple progress"
दिन में तारे दिखना,to be in extreme pain or shock,stars appearing in the daytime
मक्खन लगाना,to flatter for gain,to apply butter
मगजमारी करना,to toil mentally,to do brain-beating
माथा पीटना,to regret greatly,to beat the forehead
माथा ठोकना,to plead earnestly or pray,to knock the forehead
माथे पर बल पड़ना,to appear tense,for wrinkles/tension to appear on the forehead
मान रखना,to honor someone’s feelings,to keep honor
मुँह में दही जमाना,to remain deliberately silent,to let curd set in the mouth
मूँछों पर ताव देना,to show pride or bravado,to give a twist to the moustaches
जग हँसाई होना,to become a public joke,to become the world’s laughter
टांग अड़ाना,to interfere unnecessarily,to stick in a leg
तूफ़ान खड़ा करना,to create a big ruckus,to raise a storm
कलेजा मुँह को आना,to be terrified (near-death feel),the liver to come to the mouth
कलेजा ठंडा होना,to feel avenged or satisfied after anger,the liver to become cool
घी सीधी उंगली से ना निकले तो टेढ़ी करनी पड़े,use strict means if polite ones fail,"if ghee won’t come out with a straight finger, one must bend it"
छाती ठोकना,to boast loudly,to thump the chest
छाती पर साँप लोटना,to be intensely jealous,a snake to roll on the chest
छाती पर मूंग दलना,to oppress or torment someone,to mill mung beans on the chest
छाती चौड़ी होना,to feel proud,the chest to become broad
"खेत खाए गधा, मारें जुलाहा",to punish the wrong person,"the donkey ate the field, (yet) we beat the weaver"
कुएँ में कूदना,to jump into trouble knowingly,to jump into a well
कुआँ खोदना,to prepare in advance,to dig a well
चींटी की चाल,very slow progress,the ant’s gait
गागर में सागर भरना,to say a lot in few words,to fill the ocean into a pitcher
ऊँची दुकान फीका पकवान,"great show, poor quality","tall shop, bland dish"
नाच न जाने आँगन टेढ़ा,blame surroundings for one’s lack,"doesn’t know to dance, (says) the courtyard is crooked"
नेकी कर दरिया में डाल,do good without expectation,do good and throw it into the river
थोथा चना बाजे घना,empty vessels make more noise,hollow chickpea makes loud sound
रात गई बात गई,let bygones be bygones,"night gone, talk gone"
रातों-रात बदलना,to change overnight,to change overnight
रस्सी जल गई पर ऐंठ न गई,to be arrogant despite downfall,the rope burned but its twist didn’t go
रोज़ का रोना,the same old complaint,daily crying
रोटी-रोज़ी का सवाल,a matter of livelihood,question of bread and livelihood
लाभ-हानि की परवाह न करना,to not care about profit or loss,to not care about profit-loss
लाख टके की बात,a very valuable point,a matter worth a hundred thousand rupees
लकड़ी बेकार करना,to waste effort (colloquial sense),to waste wood
लड़ाई का मूड बनाना,to get into a quarrelsome mood,to make a mood for a fight
शक की सूई अटकना,to remain doubtful,the needle of doubt to get stuck
सड़कछाप व्यवहार,"rude, rough behavior",street-stamped behavior
सिर पर चढ़ाना,to pamper excessively,to lift onto the head
सिर पर हाथ फेरना,to bless affectionately,to stroke the head with the hand
सिर पर तूफ़ान टूटना,to face a sudden calamity,a storm to break upon the head
सिर खपाना,to rack one’s brains,to wear out the head
सिर ऊँचा करना,to bring honor,to raise the head high
सिर झुकाना,to show respect or shame,to bow the head
सुबह के भूले शाम को घर आ जाएँ तो भूले नहीं कहलाते,better late than never,"if the morning’s lost returns home by evening, he’s not called lost"
अक्ल के घोड़े दौड़ाना,to overthink unnecessarily,to run the horses of intellect
अव्वल दर्जे का,of top quality,of first grade
अधेड़ उम्र की दिक्कत,middle-age related issues (colloq.),difficulty of middle age
अंगारों पर चलना,to go through hardships,to walk on embers
अंगूठा दिखाना,to refuse bluntly,to show the thumb
अंगूठा छाप,an illiterate person (dated),thumb-impression (person)
अंधेर नगरी चौपट राजा,a place with complete mismanagement,"city of darkness, ruined king"
अन्नदान महादान,charity of food is supreme (proverbial),gift of food is the great gift
अक्ल ठिकाने लगना,to come to one’s senses,sense to settle into place
कानून हाथ में लेना,to take law into one’s own hands,to take the law in one’s hand
कान पर हाथ रखना,to be alarmed or scared,to place a hand on the ear
कानोंकान खबर न होना,no one gets wind of it,not an ear-to-ear whisper of news
काला-सफेद करना,to decide authoritatively,to make black-white
कलेजे पर पत्थर रखना,to harden one’s heart to do something tough,to place a stone on the liver
किसी की बैंड बजाना,to thrash or defeat thoroughly,to play someone’s band
खुल्लम-खुल्ला कहना,to say openly,to say in the open-open
खून गर्म होना,to feel fired up,blood to become hot
खुशी के मारे फूले न समाना,to be overjoyed,"for joy, to swell and not be contained"
गला सूख जाना,to feel nervous or scared,the throat to dry up
गला काट प्रतिस्पर्धा,cut-throat competition,throat-cut competition
गलती पर पर्दा डालना,to cover up a mistake,to put a curtain over a mistake
गले की फाँस,a nagging problem,a thorn in the throat
गले मिलना,to embrace warmly (reconciliation),to meet at the neck (embrace)
घड़ी-घड़ी रंग बदलना,to be fickle,to change color every hour-hour
घूम-फिरकर वहीं आना,to end up at the same point,to go round and come back there
चक्कर काटना,to make repeated rounds (bureaucracy),to cut circles
चक्की में पिसना,to be crushed by circumstances,to be ground in a mill
"चौबे जी छब्बे बने, दुबे बने न",to aim higher and lose what you had,"Mr. Choubey became ‘Chhabbe’, (yet) didn’t become Dubey"
चूँ भी न करना,to not utter a word,to not utter even ‘choo’
चोली-दामन का साथ,inseparable relationship,the companionship of blouse and veil
छोटा मुँह बड़ी बात,big talk from a small person,"small mouth, big talk"
जुबान पर ताला लगाना,to keep one’s mouth shut,to put a lock on the tongue
जुबान देना और निभाना,to keep a promise,to give one’s word and keep it
जुबान की कसम,a solemn vow,oath of the tongue
जान पर बन आना,to be in grave danger,to come upon the life
जान हथेली पर लेकर फिरना,to live riskily,to carry one’s life on the palm
जेब ढीली करना,to spend money,to loosen the pocket
जेब काटना,to pickpocket / cheat,to cut the pocket
जोर आज़माइश करना,to test strength,to do strength-testing
जोर-शोर से करना,to do with great enthusiasm,to do with force and noise
टेंट-टून बजना,to make a loud scene (colloq.),to go ‘tain-toon’ (clang loudly)
ठाठ से रहना,to live in style,to live with pomp
डंका पीटना,to announce loudly,to beat the kettle-drum
ढिंढोरा पीटना,to brag publicly,to beat the public drum
ढील देना,to be lenient,to give slack
तारीफ़ के पुल बाँधना,to heap praises,to build bridges of praise
तह तक पहुँचना,to get to the root cause,to reach the bottom layer
तन-मन-धन से,"with body, mind, and wealth; wholeheartedly","with body, mind, and wealth"
तार-तार करना,to tear apart reputation,to make into threads
तार जोड़ना,to connect the dots,to join the wires
तीस मार खाँ,a self-proclaimed hero; boaster,Tees Mar Khan (Mr. ‘thirty-strikes’ Khan)
तीन में न तेरह में,irrelevant to any group,neither in the three nor in the thirteen
तेल-मसाज करना,to flatter for benefit (colloq.),to do oil massage
थक-हार कर बैठ जाना,to give up after trying,to sit down tired and defeated
थाली का बैंगन बनना,to switch sides easily (opportunist),to become the plate’s eggplant
दिमाग का पारा चढ़ना,to lose temper,the mind’s mercury rising
दिमाग सातवें आसमान पर,to be overconfident or elated,the mind on the seventh sky
दिमाग की बत्ती जलना,to suddenly get an idea,the brain’s lamp lighting
दाँव खेलना,to take a calculated risk,to play a stake
दाँव-पेंच आज़माना,to use tricks or tactics,to try stakes and tricks
नाक में नकेल डालना,to bring someone under strict control,to put a halter in the nose
नाक रगड़ना,to beg desperately,to rub the nose
नाक ऊँची रखना,to uphold one’s honor,to keep the nose high
नाक काट कर रख देना,to disgrace someone completely,to cut off the nose and set it down
नाक पर दम होना,to be short-tempered / easily angered,to have breath on the nose
नाक का बाल होना,to be a favorite / close confidant,to be the hair of the nose
कान खोलकर सुनना,to listen attentively,to listen with ears open
कान देना,to pay attention,to give an ear
कान पकड़ कर माफी मांगना,to apologize earnestly,to hold the ears and ask forgiveness
कान के नीचे देना,to slap / scold sharply,to give a blow beneath the ear
कान में भनक पड़ना,to get a hint of something,for a hint to fall into the ear
कान फटना,to hear loud/harsh sounds,for the ear to tear
कान कतरना,to cheat a little from all sides,to clip the ears
आँख बचाकर निकलना,to slip away unnoticed,to slip out hiding from the eyes
आँखें चार होना,to exchange glances / fall in love,for the eyes to become four
आँखें चुराना,to avoid facing someone,to hide the eyes
आँखें तिरछी करना,to squint in doubt,to make the eyes slant
आँखों पर पट्टी बंधना,to be blinded to the truth,for a bandage to be tied on the eyes
आँखों में बसाए रखना,to cherish someone deeply,to keep (someone) lodged in the eyes
आँखों ही आँखों में इशारा करना,to communicate silently,to signal within the eyes themselves
हाथ आजमाना,to try one’s hand at something,to try the hand
हाथ पक्का होना,to be highly skilled,for the hand to be firm
हाथ कंगन,obvious proof; needs no words,bangle on the hand
हाथ रोक लेना,to restrain oneself,to stop the hand
"हाथी के दाँत खाना और, दिखाना और",hypocrisy; different inside vs outside,the elephant’s teeth are for eating and (others) for showing
हाथ से हाथ धो बैठना,to lose something completely,to wash hand from hand and be left sitting
हाथ धो बैठना,to suffer total loss,to wash one’s hands and sit down
हाथी के पाँव में सबका पाँव,the mighty controls all,"in the elephant’s foot, everyone’s foot"
हाथ पर रखकर देखना,to test practically,to keep it on the hand and see
हाथ टेक देना,to surrender,to place the hands down (in surrender)
पैरों तले की ज़मीन हिलना,to be shocked badly,the ground under the feet to shake
पैर पटकना,to throw a tantrum,to stamp the foot
पैरों पर कुल्हाड़ी चलाना,to self-sabotage,to swing an axe on one’s own feet
पैरों की जूती समझना,to treat with utter disdain,to consider (someone) the shoe of the feet
पैर उखड़ जाना,to lose grip or stability,for the feet to be uprooted
पैरों की बेड़ियाँ,constraints that bind progress,shackles of the feet
पाँव पीछे हटाना,to back out,to move the foot back
पैरों पर खड़ा होना,to become self-reliant,to stand on one’s feet
"मुँह में राम, हाथ में छुरी",to be two-faced,"Ram in the mouth, knife in the hand"
मुँह पर लौकी रखना,to keep completely silent,to place a bottle gourd on the mouth
मुँह मियाँ मिट्ठू,to boast about oneself,mouth’s own ‘Mitthu’ (parrot)
मुँह का कौर छीनना,to snatch someone’s rightful share,to snatch the morsel from the mouth
मुँह का रख लेना,to save face,to keep/save the face of the mouth
मुँह की बात निकल जाना,to blurt something out,the words of the mouth to slip out
माथा ठनकना,to get suspicious suddenly,the forehead to tingle
माथा ठन जाना,to clash over ego,for foreheads to clash
माथे पर लिखना,to be written on one’s fate/forehead,to be written on the forehead
माथा टेकना,to bow in submission,to bow the forehead
दिल का हाल समझना,to understand true feelings,to understand the state of the heart
दिल बड़ा करना,to be generous/forgiving,to make the heart big
दिल छोटा करना,to get discouraged,to make the heart small
दिल बहला फुसलाना,to console and distract,to amuse and cajole the heart
दिल का धनी,large-hearted person,lord/owner of the heart
दिल खोलकर हँसना,to laugh heartily,to laugh with the heart open
दिल लगा कर पढ़ना,to study diligently,to study with the heart attached
दिल हार बैठना,to lose one’s heart (fall in love),to sit having lost the heart
दिमाग ठनकना,to get suspicious,for the brain to tinkle/click
दिमाग चकरा जाना,to get dizzy/confused,the brain to go dizzy
दिमाग ठंडा रखना,to stay calm,to keep the brain cool
दिमाग घिसना,to use brain excessively,to grind/wear down the brain
दिमाग पर जोर डालना,to strain the brain,to put pressure on the brain
दिमाग सातवें आसमान पर होना,to be over the moon / cocky,the brain to be on the seventh sky
दाँत पीसकर रह जाना,to swallow anger silently,to remain gnashing the teeth
दाँत नाखून दिखाना,to show aggression,to show teeth and nails
दाँतों तले अंगुली आ जाना,to be stunned with surprise,for a finger to come under the teeth
दाँत खींच लेना,to break someone’s courage,to pull out the teeth
जुबान चलती रहना,to keep blabbering,the tongue to keep running
जुबान मीठी करना,to speak sweetly to please,to make the tongue sweet
जुबान फँसना,to get tongue-tied,the tongue to get stuck
जुबान दराज़ होना,to be insolent in speech,the tongue to be long
जुबान पर लगाम लगाना,to control speech,to put a bridle on the tongue
कलेजे में आग लगना,to burn with jealousy/grief,for fire to catch in the liver
कलेजे में ठंडक पड़ना,to feel satisfied after justice,for coolness to fall in the liver
खून खौल उठना,to boil with rage,the blood to boil up
खून खून होना,to be very close blood relations,for blood to be blood
खून पिला देना,to torment someone severely,to make (someone) drink blood
खून में दौड़ना,to be in one’s nature,to run in the blood
खून पिघलना,to feel compassion,for the blood to melt
खून मांगना,to demand revenge,to demand blood
पसीना सुखाना,to exploit someone’s hard work,to dry the sweat
पसीना पोछना,to relieve someone’s hardship,to wipe the sweat
पसीना निकाल देना,to scare/work someone badly,to make the sweat come out
रातों की नींद हराम करना,to keep someone sleepless,to make the sleep of nights forbidden
रातों रात भाग्य बदलना,fortune to change overnight,to change fate overnight
रात काटना,to somehow pass a tough night,to cut/pass the night
सिर पर चढ़ बैठना,to take undue advantage of leniency,to climb and sit on the head
सिर पर हाथ रखना,to bless or protect,to place a hand on the head
सिर पर कर्ज़ चढ़ना,to be burdened with debt,for debt to climb onto the head
सिर से पानी गुजरना,to cross all limits / patience,for water to pass over the head
सिर फोड़ लेना,to take all the blame/work alone,to break one’s head
सिर फटना,to get a splitting headache / big fight,for the head to split
सिर घुमाना,to confuse someone,to turn/spin the head
सीना ठोकना,to boast confidently,to thump the chest
सीना चौड़ा होना,to feel proud,for the chest to become broad
सीना फुलाना,to puff up with pride,to inflate the chest
सीने पर पत्थर रखना,to do something painful bravely,to place a stone on the chest
सीने में कील चुभना,to feel deep hurt,for a nail to prick in the chest
छाती पर बोझ रखना,to keep guilt/weight on heart,to place a load on the chest
छाती धौंकनी चलना,to pant with anger/fear,for the chest’s bellows to pump
छाती पर मूँग दल देना,to oppress cruelly,to grind mung beans on the chest
आगाह करना,to warn in advance,to forewarn
आग-बबूला कर देना,to enrage someone greatly,to turn (someone) fire-furious
आग में तपना,to go through severe trials,to be tempered in fire
आग ठंडी कर देना,to pacify anger,to make the fire cool
आग फूँकना,to provoke conflict,to blow the fire
आग लगा बैठना,to cause trouble unknowingly,to set fire and sit (having done it)
आग बुझाना,to resolve a heated situation,to extinguish the fire
आग से निकाल कर राख करना,to ruin after rescuing,to take out from fire and make ash
रंग पकड़ना,to mature or become noticeable,to catch color
रंग उड़ जाना,to lose color/enthusiasm,for color to fly away
रंगत फीकी पड़ना,to look dull/sickly,for the complexion to turn faint
रंग चढ़ना,to intensify (influence/celebration),for the color to mount
रंग बदलते देखना,to witness changing loyalties,to see colors changing
नाक सूँघना,to pry into someone’s matters,to sniff the nose
नाक का बाल बन जाना,to become someone’s favorite,to become the hair of the nose
नाक दबा देना,to silence forcefully,to press the nose down
नाक का पानी उतरना,to be utterly humiliated,for the nose’s water to come down
कान खींचना,to scold/punish strictly,to pull the ear
कान देना-न देना,to ignore what’s being said,to give an ear—or not
कान फूंकना,to warn privately,to blow into the ear
कान पर हाथ धरे रह जाना,to be shocked speechless,to remain with a hand placed on the ear
आँख मिलाना,to meet the gaze confidently,to join/match eyes
आँख नीची करना,to lower eyes in shame,to lower the eyes
आँखें झुकाना,to be modest/shy,to cast the eyes down
आँखें तरेर कर देखना,to glare angrily,to look by glaring the eyes
आँखें चमक उठना,to become excited,for the eyes to light up
आँखें नम होना,to get teary-eyed,for the eyes to become moist
आँखें धोखा खा जाना,to be visually deceived,for the eyes to be deceived
आँख का तारा,apple of the eye,the star of the eye
आँख का तिल,someone extremely dear,the mole/beauty-spot of the eye
हाथ से काम निकलना,to get work done by others,for work to come out from the hand
हाथ गंदा करना,to do dirty/lowly work,to make the hand dirty
हाथ पर नाग रखना,to sit idle doing nothing,to keep a snake on the hand
हाथ डूबना,to sink resources into loss,for the hand to drown
हाथ थामे रह जाना,to stay dependent,to remain holding the hand
हाथ काटकर अलग करना,to sever ties completely,to cut off the hand and separate
पाँव धरना,to set foot (begin),to set/place the foot
पाँव पसारकर सोना,to relax without worry,to sleep with feet stretched out
पाँव फिसलना,to make a slip/mistake,for the foot to slip
पाँव भारी होना,to be pregnant (euphemistic),for the foot to be heavy
पाँव के नीचे से जमीन खींच लेना,to pull the rug from under,to pull the ground from under the feet
पाँव तले रौंदना,to crush mercilessly,to crush under the feet
पाँव रोक देना,to restrain someone,to stop the foot
मुँह फुलाना,to sulk,to puff the mouth
मुँह पर ताला लगाना,to stay tight-lipped,to put a lock on the mouth
मुँह तक आकर लौट जाना,to almost say but stop,to come up to the mouth and turn back
मुँह फूटना,to blurt under pressure,for the mouth to burst (into speech)
मुँह के बल गिरना,to fail badly,to fall face-first
मुँह-माँगा दाम,price asked without bargaining,price asked by the mouth
मुँह में खून लगना,to become greedy after first gain,to get blood in the mouth
मुँह में लौकी डालना,to hush someone completely,to put a bottle gourd in the mouth
मुँह का स्वाद बदलना,to lighten the mood,to change the taste of the mouth
माथा ठोककर मानना,to accept with resignation,to accept by knocking the forehead
माथे का पसीना पोंछना,to finish hard work,to wipe the sweat of the forehead
माथे की लकीरें,lines of fate/concern,lines on the forehead
माथे पे शिकन,wrinkles of worry,wrinkles on the forehead
माथा घूम जाना,to feel dizzy/overwhelmed,for the head/forehead to spin
माथे पर हाथ मारना,to smack the forehead in regret,to strike the hand on the forehead
दिल दहला देना,to horrify,to make the heart tremble
दिल में घर कर लेना,to make a place in one’s heart,to make a home in the heart
दिल पर चोट लगना,to be emotionally hurt,to have a blow strike the heart
दिल पे लेना-न लेना,to take/not take to heart,to take on the heart—or not
दिल का रोग,heartache/grief,disease of the heart
दिल की बात कहना,to confide,to say the heart’s matter
दिमाग घूम जाना,to get furious or confused,the mind spinning
दिमाग पर पत्थर रखना,to force oneself against feelings,to place a stone on the brain
दिमाग में कील ठोकना,to insist hard on a point,to hammer a nail into the brain
दिमाग की नस दबना,to lose calm badly,for the brain’s vein to be pressed
दिमाग ठप्प होना,to have a mental block,for the brain to be shut down
दाँत दिखाना-न दिखाना,to mock or avoid mocking,to show the teeth—or not show
दाँत लगना,to become accustomed (badly),for the teeth to catch
दाँत भींचना,to endure silently,to clench the teeth
दाँत की नोक पर रखना,to remember exactly,to keep on the tip of the tooth
दाँत-काटे का बैर,deadly enmity,tooth-bitten enmity
जुबान की मिठास,sweetness of speech,sweetness of the tongue
जुबान सरकना,to slip of the tongue,for the tongue to slip
जुबान की धार,sharpness of words,the edge/blade of the tongue
जुबान को ताला,to keep silent,a lock to the tongue
खून खौल जाना,to boil with rage,for the blood to boil
खून सूख जाना,to be terrified or horrified,for the blood to dry up
खून पीना,to exploit harshly,to drink blood
खून के आँसू रोना,to suffer painfully,to cry tears of blood
पसीना चूना,to toil severely,for sweat to drip
पसीना टपकना,to sweat profusely,for sweat to drip
पसीना रोक देना,to relieve / cool down,to stop the sweat
सीने में साँप लोटना,to be eaten up by jealousy,for a snake to roll in the chest
सीने-से-लगाना,to embrace warmly,to press to the chest
सीना-जोरी करना,to browbeat,to do chest-force (browbeating)
सीने में धुआँ उठना,to smolder with anger,for smoke to rise in the chest
आग सलाख करना,to test by ordeal,to do a fire-rod ordeal
आग में घिरना,to be surrounded by trouble,to be surrounded in fire
आग सेंकना,to take advantage amid conflict,to warm oneself at the fire
आग ओकना,to speak venomously,to spew fire
आग बुझा बैठना,to lose spirit prematurely,to sit having put out the fire
रंग में रंग जाना,to blend in completely,to be colored in the same color
रंग उछालना,to malign someone publicly,to fling/throw color
रंगत लौटना,to regain glow/cheer,for the complexion to return
नाक घुसाना,to interfere unnecessarily,to insert the nose
नाक मरोड़ना,to insult or humiliate publicly,to twist the nose
नाक पर गुस्सा होना,to get angry quickly,to have anger on the nose
नाक नीचे करना,to make someone feel inferior,to put the nose down
नाक का बाल खींचना,to criticize harshly,to pull the hair of the nose
कान में भनक लगना,to get a small hint about something,for a hint/buzz to catch in the ear
कान में फूँक मार देना,to secretly manipulate someone,to blow a puff into the ear
कान पकड़े रह जाना,to stay astonished or scared,to remain holding the ears
कान के नीचे थप्पड़ मारना,to slap soundly (figuratively punish),to slap below the ear
कान में सीटी बजना,to hear unpleasant sounds / tinnitus,for a whistle to sound in the ear
आँखों से आँसू पोछना,to comfort someone in sorrow,to wipe tears from the eyes
आँखों में बसा लेना,to remember fondly,to lodge/settle in the eyes
आँखें फेर लेना,to turn away / stop supporting,to turn the eyes away
आँख मूँदकर भरोसा करना,to trust blindly,to trust with eyes closed
आँखों के आगे अंधेरा छा जाना,to be momentarily shocked,for darkness to spread before the eyes
आँख बचाकर काम करना,to do secretly,to do the work after evading the eyes
आँख खुलना,to become aware of truth,for the eye to open
आँखों में आँसू भर आना,to feel deeply emotional,for tears to fill the eyes
आँखें नीची करना,to bow in embarrassment or respect,to lower the eyes
हाथ तंग होना,to be financially tight,for the hands to be tight
हाथ ऊपर होना,to be superior in status or strength,for the hand to be above
हाथ नीचे होना,to lose or be defeated,for the hand to be below
हाथ जोड़ना,to plead or show respect,to join the hands
हाथ में काम न होना,to be idle,to have no work in the hand
हाथ न लगाना,to avoid touching / involvement,to not touch with the hand
हाथ छुड़ाना,to escape from control,to pull the hand free
हाथ रोक देना,to stop mid-action,to stop the hand
पैर रखना भी पाप,to be forbidden to enter,even to set foot is a sin
पैर जमने न देना,to obstruct someone’s progress,to not let the feet set
पैर पर पाँव रखना,to challenge or overtake,to place foot upon foot
पैरों में गिरना,to beg for mercy,to fall at the feet
पैर भारी होना,to bring bad luck (figuratively),for the foot to be heavy
पैर धोना,to show deep respect,to wash the feet
पैर पकड़ लेना,to surrender humbly,to catch/hold the feet
पैर रोक लेना,to hesitate before action,to hold back the foot
मुँह मोड़ लेना,to turn away emotionally,to turn the mouth/face aside
मुँह बंद कर देना,to silence completely,to shut the mouth
मुँह चलाना,to speak unnecessarily,to run the mouth
मुँह लगाना,to get too familiar with elders,to put (someone) to the mouth
मुँह मीठा होना,to taste success,for the mouth to become sweet
मुँह बिचकाना,to show irritation or disgust,to pucker/twist the mouth
मुँह पीटना,to cry loudly in distress,to beat the mouth/face
मुँह धुलवाना,to publicly humiliate,to have the mouth/face washed
माथे पर शिकन डालना,to frown slightly,to put a crease on the forehead
माथे पर लकीरें पड़ना,to show anxiety or anger,for lines to fall on the forehead
दिल में जगह बनाना,to win affection,to make a place in the heart
दिल में काँटे चुभना,to feel deeply hurt,for thorns to prick in the heart
दिल में खटका होना,to have a lingering doubt,for a jolt/unease to be in the heart
दिल में गुस्सा रखना,to hold a grudge,to keep anger in the heart
दिल की गहराई से,from the bottom of one’s heart,from the depth of the heart
दिल हिल जाना,to be shaken emotionally,for the heart to shake
दिल बाग़-बाग़ होना,to feel immense joy,for the heart to become a garden
दिल टूटकर रह जाना,to be devastated,to remain with the heart broken
दिल को सुकून मिलना,to find peace,for the heart to find peace
दिमाग खराब कर देना,to frustrate someone badly,to make the brain bad
दिमाग ठिकाने लग जाना,to become sensible again,for the brain to be set in place
दिमाग पर बोझ डालना,to overthink,to place a burden on the brain
दिमाग गुम होना,to lose one’s senses,for the brain to be lost
दिमाग की बत्ती बुझ जाना,to go blank suddenly,for the brain’s lamp to go out
दाँत किटकिटाना,to shiver in cold or fear,to chatter the teeth
दाँत नाखून से काम लेना,to struggle hard,to use teeth and nails
दाँतों तले अंगुली दबाना,to be stunned in awe,to press a finger under the teeth
जुबान बंद कर देना,to silence someone completely,to shut the tongue
जुबान काट लेना,to regret words spoken,to bite the tongue
जुबान कसना,to rebuke harshly,to tighten the tongue
जुबान के पक्के,to be true to one’s word,firm/steadfast of tongue
जुबान पर ताला,to keep secrets locked,a lock on the tongue
जुबान फिसल जाना,to say something accidentally,for the tongue to slip
जुबान सरक जाना,to misspeak,for the tongue to slide
जुबान की मिठास रखना,to speak kindly,to keep sweetness of the tongue
खून का रिश्ता निभाना,to uphold family ties,to uphold a blood relationship
पसीना रोकना,to relieve effort,to stop sweat
पसीने-पसीने होना,to be drenched with effort,to become sweat-sweat (drenched in sweat)
सीने में दर्द होना,to feel emotional pain,to have pain in the chest
सीने में जलन होना,to feel envy,to have burning in the chest
सीने में लावा उठना,to boil in anger,for lava to rise in the chest
सीने पर बोझ होना,to feel guilt or burden,to have a burden on the chest
सीने में आग लगना,to feel jealous or provoked,for fire to be set in the chest
रंग दिखाना,to reveal true colors,to show color
रंगीन होना,to enjoy life freely,to become colorful
रंग फीका पड़ना,to lose enthusiasm,for the color to fade/pale
रंग उड़ना,to fade away,for the color to fly/fade
रंग जमना,to gain traction,for color to set
रंग लगना,to start celebrating,to have color applied
रंग में रँग जाना,to blend or adapt fully,to be dyed in the color
अति सर्वत्र वर्जयेत,too much of anything is bad,excess should be avoided everywhere
अपना उल्लू सीधा करना,to act selfishly for personal gain,to straighten one’s owl
अक्ल ठिकाने लगाना,to make someone sensible,to set the sense in its proper place
अंगूर खट्टे हैं,to pretend disinterest after failure,the grapes are sour
अपनी डींगे हाँकना,to brag about oneself,to blare one’s own boasts
अपनी नाक ऊँची रखना,to maintain self-respect,to keep one’s nose high
अपना राग अलापना,to talk only about oneself,to chant one’s own tune
अंधे का हाथ बटेर लगना,to gain something valuable by accident,a blind man’s hand finds a quail
अंधेरे में रखना,to hide the truth deliberately,to keep (someone) in the dark
अपनी गलती मानना,to accept one’s fault,to accept one’s own mistake
अपनी डफली अपना राग,to do things one’s own way,"one’s own drum, one’s own tune"
अक्ल का पैमाना टूट जाना,to act beyond reason,the gauge of wisdom breaks
अक्ल घास चरने जाना,to act utterly foolish,the intellect goes to graze grass
अंधे के हाथ तिलक लगना,rare stroke of luck,a tilak falls upon a blind man’s hand
अंधा बांटे रेवड़ी,to favor one’s own people,a blind man distributes sweets
अंधे की लकड़ी,someone completely dependent on another,the blind man’s stick
अंधे की लाठी छीनना,to exploit the helpless,to snatch the blind man’s staff
अंधे की भी आँख खुल गई,even the ignorant realized the truth,even the blind man’s eye opened
अंधे की रोटी गीली,when bad luck persists,the blind man’s bread is soggy
"अंधे का नाम सुना, आँखों से नहीं देखा",to hear about something but not experience it,"heard the name, not seen with the eyes"
"अंधा क्या चाहे, दो आँखें",people desire what they lack most,what does a blind person want—two eyes
अंधेरे में रखा जाना,to be kept uninformed,to be kept in darkness
अंधे को सूरज दिखाना,to tell something obvious,to show the sun to a blind person
अंधे को रास्ता दिखाना,to guide the clueless,to show the path to the blind
अंधेरे में बैठना,to stay in ignorance,to sit in darkness
अंधा धुन में लगे रहना,to do something mindlessly,to remain stuck in a blind fixation
अंधेरे में सुई खोजना,to attempt the impossible,to search for a needle in the dark
अंधे के हाथ में दीपक,a resource wasted on the incapable,a lamp in a blind person’s hand
अंधा ऊँट सवारी करना,to take foolish risks blindly,to ride a blind camel
अंधेरे में रोशनी फैलाना,to spread awareness among the ignorant,to spread light in the darkness
अंधा राजा प्रजा अंधी,leader and followers both foolish,"blind king, subjects blind"
अंधे के भाग्य में चमक,to get lucky unexpectedly,a sparkle in the blind man’s fate
अंधे को रास्ता न सूझना,to be completely lost,for a blind person not to perceive the path
अंधा प्रेम करना,to love without reason,to love blindly
अंधे को हाथ का सहारा,a small help to someone in need,the hand’s support for a blind person
अंधे की लाठी,only source of dependence,a blind man’s staff
अंधे को सपने में रोशनी दिखना,to imagine impossible hope,light appearing in a blind man’s dream
अंधेरे में रहना,to be ignorant,to live/stay in darkness
अंधेरे में रास्ता ढूँढना,to act without clear plan,to find a path in the dark
अंधेरे में छिपाना,to conceal wrong deeds,to hide in the dark
अंधा रेवड़ी बाँटे,favoring without fairness,the blind (man) distributes sweets
अंधे की किस्मत,blind luck / chance success,the blind man’s luck
अंधे को रंग दिखाना,to try to explain the unexplainable,to show color to a blind person
"अंधे का नाम सुना, चेहरा नहीं देखा",heard about but never met,"heard the name, did not see the face"
"अंधा क्या देखे, दो आँखें",one always desires what they lack,what can a blind see—(he needs) two eyes
अंधा गुस्सा करना,to get blindly angry,to do blind anger
अंधेरे में डूब जाना,to fall into ignorance or despair,to sink into darkness
अंधे के भाग्य में छेद,to have perpetual bad luck,a hole in the blind man’s fate
अंधे का भाग्य जागना,to get lucky suddenly,the blind man’s fortune awakens
अंधेरे में भटकना,to wander without direction,to wander in darkness
अंधा प्रेम अंधा परिणाम,blind love leads to trouble,"blind love, blind result"
अंधेरे में रहकर उजाला ढूँढना,to struggle for wisdom amidst ignorance,to seek light while staying in darkness
अंधे के हाथ दीपक लगना,to get help at the right time,a lamp attaching to a blind man’s hand
अंधा भी रास्ता पहचान गया,even the unaware understood,even the blind recognized the way
अंधेरे से डरना,to fear ignorance or truth,to fear darkness
अंधे को सीधा रास्ता दिखाना,to guide righteously,to show the straight path to a blind person
अंधेरे में दीप जलाना,to bring hope in darkness,to light a lamp in the dark
अंधेरे में ताकना,to look aimlessly,to gaze into the dark
अंधे को नजर आना,to gain realization unexpectedly,to become visible to a blind person
अंधे का रास्ता रोकना,to block someone’s progress unjustly,to block the blind man’s path
अंधेरे में खोज करना,to explore with uncertainty,to search in the dark
अंधे की चड्डी चुराना,to mock the helpless,to steal a blind man’s underpants
अंधे को दर्पण देना,to give something useless to someone incapable,to give a mirror to a blind person
अंधेरे का फायदा उठाना,to exploit ignorance,to take advantage of darkness
अंधेरे में झांकना,to peep into the unknown,to peep into the dark
अंधेरे से बाहर आना,to come out of ignorance,to come out of darkness
अंधा राजा राज्य चलाना,incompetent leadership,a blind king running the kingdom
अंधे की झोपड़ी में रोशनी,to find hope where none was expected,light in the blind man’s hut
अंधा काँटा निकालना,to help at personal risk,to remove a thorn blindly
अंधा कानून चलाना,to enforce law without logic,to run/apply blind law
अंधे को अंधेरे में छोड़ना,to abandon someone helpless,to leave the blind in darkness
अंधेरे में रहना नहीं चाहिए,one should not stay ignorant,one should not stay in darkness
अंधे को दिशा देनी चाहिए,to help the clueless find their way,one should give direction to a blind person
अंधेरे से डरना नहीं चाहिए,one should not fear truth,one should not fear darkness
अंधेरे में दीप जलाना अच्छा है,to bring light even when alone,it is good to light a lamp in the dark
धरती पर पैर रखना,to stay humble despite success,to place feet on the earth
आसमान से गिरना,to lose everything suddenly,to fall from the sky
हवा में उड़ना,to daydream or be overconfident,to fly in the air
पानी में रहकर मगर से बैर,to pick fights with powerful people,"living in water, enmity with the crocodile"
खुशियों के झूले झूलना,to live in joy,to swing on swings of happiness
रंगीन मिज़ाज होना,to be flirtatious or fun-loving,to have a colorful temperament
दिल से खेलना,to toy with someone’s feelings,to play with the heart
दिल का मामला,a romantic issue,matter of the heart
दिल बड़ा रखना,to be generous or forgiving,to keep the heart big
दिल छोटा मत करो,don’t lose hope,don’t make the heart small
दिल लगाना और तोड़ना,to fall in and out of love,to attach the heart and break it
दिल का बोझ हल्का करना,to share feelings and feel relieved,to lighten the heart’s burden
दिल से दिल का रिश्ता,a close emotional connection,heart-to-heart relationship
दिल में आग लगाना,to provoke jealousy or passion,to set fire in the heart
दिल देना और लेना,to love and reciprocate,to give and take the heart
दिल पर राज करना,to rule someone’s heart,to rule over the heart
दिल पर बोझ होना,to feel guilt or heaviness,to have a burden on the heart
दिमाग में खिचड़ी पकना,to overthink randomly,khichdi cooking in the mind
दिमाग का दही बनाना,to confuse someone completely,to make the brain into curd
दिमाग खपाना,to think very hard,to expend/wear out the brain
दिमाग लगाना ज़रूरी है,to use common sense,it is necessary to apply the brain
मुँह में ज़ुबान नहीं,to be timid or silent,no tongue in the mouth
मुँह पर बोलना,to speak directly,to speak on the face
मुँह मीठा कराना,to celebrate success with sweets,to make the mouth sweet
नाक कटना,to lose honor,for the nose to be cut
नाक ऊँची करना,to make someone proud,to raise the nose high
नाक बचाना,to save face,to save the nose
नाक दबाना,to force acceptance,to press the nose
नाक चढ़ाना,to act proudly,to raise the nose
कान खड़े करना,to become alert,to make the ears stand up
कान में बात डालना,to inform secretly,to put the matter into the ear
कान में जूँ न रेंगना,to remain unaffected,not even a louse crawls in the ear
पैरों तले ज़मीन खिसकना,to be shocked or panicked,the ground slipping from under the feet
पैर उखड़ना,to lose stability,for the feet to get uprooted
हाथ बाँधकर बैठना,to stay idle or helpless,to sit with hands tied
हाथ उठाना,to hit or bless,to raise the hand
हाथ साफ़ करना,to steal cleverly,to clean the hand
हाथ में खेलना,to control completely,to play in the hand
सिर पर चढ़ना,to take advantage of leniency,to climb on the head
सिर पर सवार होना,to be obsessed or enraged,to be mounted on the head
सिर ऊँचा रखना,to uphold dignity,to keep the head high
सिर पर तूफ़ान लाना,to invite big trouble,to bring a storm upon the head
सिर फोड़ना,to fight violently,to smash/break the head
सिर पर कर्ज़ होना,to be in debt,to have debt on the head
सिर का दर्द,a troublesome person,pain of the head
सीने में जलन,to feel envy,burning in the chest
सीने पर बोझ,to feel guilt or burden,burden on the chest
सीने में हवा भरना,to instill pride or ego,to fill air into the chest
सीना ठंडा होना,to feel relieved or avenged,for the chest to become cool
सीने पर हाथ रखना,to make a heartfelt promise,to keep a hand on the chest
सीने में साँस न लेना,to be extremely scared,to not take breath in the chest
मन बनाना,to make up one’s mind,to make up the mind
मन भर जाना,to lose interest,for the mind to become full
मन खुश करना,to please someone,to make the mind happy
मन बदलना,to change opinion suddenly,to change the mind
मन लगाकर काम करना,to work sincerely,to work having set the mind
मन जीत लेना,to win hearts,to win the mind
पहला पत्ता गिरने से पहले,by autumn / before the first leaf falls,before the first leaf falls
जंजीरों में बंधा महसूस करना,to feel chained or trapped,to feel bound in chains
मेरी बुरी किस्मत,just my bad luck,my bad luck
मेरे जीते-जी,over my dead body / as long as I’m alive,while I'm alive
दुम दबाकर निकल लेना,to run away in fear (tail between legs),to slip away with tail tucked
घुटने टेक देना,to surrender / kneel in defeat,to kneel down
कौड़ियों के भाव,for a pittance / dirt cheap,at the price of cowries (shells)
हाथ गंदे करना,to get one’s hands dirty (do something unsavory),to make one's hands dirty
लाड़-प्यार करना,to pamper / spoil,to dote and pamper
हर तरफ से घेर लेना,to box in / surround on all sides,to surround from all sides
दिमाग पर छा जाना,to get stuck in one’s head,to spread over the mind
"धंधा पहले, मज़ा बाद में",business before pleasure,"business first, fun later"
आसमान छूना (भाव/कीमतें),"to be sky-high (prices, rates)",to touch the sky (prices/rates)
औरत के पल्लू में छिपना,to hide behind a woman’s pallu (show cowardice),to hide behind a woman's pallu
बच्चों को भूखा मारना,to let the kids go hungry / starve,to starve the children
