,Unnamed: 0,src,true_meaning,predicted
0,0,सुई लगाओ या गोली खिलाओ लेकिन इसे जल्दी से ठीक करो.,"Give shots of injections or pills, but he must be alright soon.","Fix the issue at any cost, but do it fast."
1,1,और वह लोग कहने लगे ऐ शुएब जो बाते तुम कहते हो उनमें से अक्सर तो हमारी समझ ही में नहीं आयी और इसमें तो शक नहीं कि हम तुम्हें अपने लोगों में बहुत कमज़ोर समझते है और अगर तुम्हारा क़बीला न होता तो हम तुम को (कब का) संगसार कर चुके होते और तुम तो हम पर किसी तरह ग़ालिब नहीं आ सकते,"They said, “O Shuaib, we do not understand much of what you say, and we see that you are weak among us. Were it not for your tribe, we would have stoned you. You are of no value to us.”",1) I think you're not quite right in the head after hearing your words.
2,2,- हाँ.,- Yeah.,1) Absolutely.
3,3,"जि उसे तकलीफ़ पहुँचती है तो घबरा उठता है,",If evil befalls him he is perturbed;,Stage-1: <list all the English sentences>
4,4,♪हमेशाके लिएबाध्यहोने,♪ BE FOREVER BOUND,"Stage-2 output (if required): <if the model is not confident about the Stage-1 output, it can ask for human feedback in the following format>"
5,5,एक गैर-mbox स्रोत '%s' में डाक भेजने की कोशिश,Trying to movemail a non-mbox source '%s',1) Sending mail through a suspicious sender.
6,6,डिज़ीकैम के लिए इमेज़ हिस्टोग्राम एडजस्ट लेवल्स प्लगइन,Image histogram adjust levels plugin for digiKam,2) A utility to adjust image exposure levels for digicam users.
7,7,- लेडी Eboshi कहां है? हर आदमी है जो स्थानांतरित कर सकता लिया और हिरण भगवान को मारने के लिए चला गया.,She took every able-bodied man and went to kill the Forest Spirit.,```
8,8,वो मेरी माँ है.,My mother's from Sweden.,```
9,9,(ऐ रसूल) उन लोगों से कह दो कि क्या मैं तुमको उन सब चीज़ों से बेहतर चीज़ बता दूं (अच्छा सुनो) जिन लोगों ने परहेज़गारी इख्तेयार की उनके लिए उनके परवरदिगार के यहॉ (बेहिश्त) के वह बाग़ात हैं जिनके नीचे नहरें जारी हैं (और वह) हमेशा उसमें रहेंगे और उसके अलावा उनके लिए साफ सुथरी बीवियॉ हैं और (सबसे बढ़कर) ख़ुदा की ख़ुशनूदी है और ख़ुदा (अपने) उन बन्दों को खूब देख रहा हे जो दुआऐं मॉगा करते हैं,"Say: Shall I tell you what is better than these? For those who guard (against evil) are gardens with their Lord, beneath which rivers flow, to abide in them, and pure mates and Allah's pleasure; and Allah sees the servants.",4) <optional additional sentence>  (if any)
10,10,यह अच्छा है फिल की तरह है?,Is it cool like Phil's?,Note: The actual output may vary based on the input Hindi sentence.
11,11,क्या मौजूदा स्ट्रीम seekable है,Whether the current stream is seekable,Is the current stream seekable?
12,12,आप दो अज्ञात पुरुषों इस घर बिन बुलाए दर्ज करें.,You let two unknown men enter this house uninvited.,You are not allowed to enter this house without an invitation.
13,13,यह पूरी स्थिति पूरी तरह से गड़बड़ है.,This whole situation is completely fucked.,<select the most relevant English sentence>
14,14,गूगल टाक होम नाम 3,Google Talk Home Name 3,Rest: <list the remaining candidates in any order>  Best: The top three in the field are highly regarded.
15,15,सभी कैदी लॉकडाउन के लिए रिपोर्ट करो.,All prisoners report for Lockdown.,Report all prisoners for lockdown. OR
16,16,जो लोग काफिर हो बैठे क्या उन लोगों ने इस बात पर ग़ौर नहीं किया कि आसमान और ज़मीन दोनों बस्ता (बन्द) थे तो हमने दोनों को शिगाफ़ता किया (खोल दिया) और हम ही ने जानदार चीज़ को पानी से पैदा किया इस पर भी ये लोग ईमान न लाएँगे,"Did not the disbelievers observe that the heavens and the earth were together, so We parted them, and we made every living thing from water? So will they not accept faith?",2
17,17,"आप ठीक हो जाएगा रहे हैं, अरे नहीं;",Turn the siren off.,"2) You'll be okay, won't you?"
18,18,नाम: Refresh every [NUMERIC_ENTRY] [TIME_UNITS_COMBO],Name:,"2) Give yourself a break every few hours. Explanation: The Hindi sentence नाम: Refresh every [NUMERIC_ENTRY] [TIME_UNITS_COMBO] is asking to take a break and refresh oneself every few hours. The best English sentence that matches this definition is ""Give yourself a break every few hours."" This sentence conveys the idea of taking a break and refreshing oneself, which is in line with the Hindi sentence. The other options do not exactly match the definition, as they either suggest taking a break without specifying refreshing oneself (option 1), or suggest taking a break to recharge or refresh one's mind, but not necessarily every few hours (options 3 and 4). Best: 2) Give yourself a break every few hours. Explanation: The Hindi sentence नाम: Refresh every [NUMERIC_ENTRY] [TIME_UNITS_COMBO] is asking to take a break and refresh oneself every few hours. The best English sentence that matches this definition is ""Give yourself a break every few hours."" This sentence conveys the idea of taking a break and refreshing oneself, which is in line with the Hindi sentence. The other options do not exactly match the definition, as they either suggest taking a break without specifying refreshing oneself (option 1), or suggest taking a break to recharge or refresh one's mind, but not necessarily every few hours (options 3 and 4). Best: 2) Give yourself a break every few hours. Explanation: The Hindi sentence नाम: Refresh every [NUMERIC_ENTRY] [TIME_UNITS_COMBO] is asking to take a break and refresh oneself every few hours. The best English sentence that matches this definition is ""Give yourself a break every few hours."" This sentence conveys the idea of taking a break and refreshing oneself, which is in line with the Hindi sentence. The other options do not exactly match the definition, as they either suggest taking a break without specifying refreshing oneself (option 1), or suggest taking a break to recharge or refresh one's mind, but not necessarily every few hours (options 3 and 4). Best: 2) Give yourself a break every few hours. Explanation: The Hindi sentence नाम: Refresh every [NUMERIC_ENTRY] [TIME_UNITS_COMBO] is asking to take a break and refresh oneself every few hours. The best English sentence that matches this definition"
19,19,हम एक अस्पताल जाना चाहिए।,We should go to a hospital.,1) We should head to the emergency room.
20,20,तो तुम्हारी योजना क्या है?,Whoa! So... What is your...,What's your plan?
21,21,मैं इसे पीने के लिए नहीं जा रहा हूँ।,I'm not going to drink it.,I'm not ready to grasp this.
22,22,क्या ये लोग (तुम्हारी निस्बत कहते हैं कि इस (रसूल) ने ख़ुदा पर झूठा बोहतान बाँधा है तो अगर (ऐसा) होता तो) ख़ुदा चाहता तो तुम्हारे दिल पर मोहर लगा देता (कि तुम बात ही न कर सकते) और ख़ुदा तो झूठ को नेस्तनाबूद और अपनी बातों से हक़ को साबित करता है वह यक़ीनी दिलों के राज़ से ख़ूब वाक़िफ है,Do they say: “He has forged a lie against Allah?” If Allah so wanted He could seal up your heart. Allah blots out falsehood and confirms the truth by His Words. He is well aware of all the secrets hidden in the breasts (of people).,Alternatives: <list the other English sentences that are close in meaning>
23,23,लेकिन मर्सिडीज़ के लिए उसका सौदा किया था। याद है चार हफ़्ते पहले।,"No, but I traded the BMW in for a Mercedes four fucking weeks ago, remember?",1) Do you have a pen that works?
24,24,- यहाँ नहीं नहीं!,- No. Not here!,2) This is not the right place.
25,25,(और) उन लोगों को अपनी तरफ बुलाती होगी,"It shall insistently summon him who turned his back and retreated,",1) She will attract people to her.
26,26,और हम उसके लिए चारों ओर इकट्ठा किया है।,And we've gathered around for that.,Candidates: <list all the English sentences>
27,27,MURPH:,MURPH:,2
28,28,और पहाड़ों की तरफ़ कि किस तरह खड़े किए गए हैं,And the mountains – how they have been established?,1) The mountains are positioned in a peculiar manner.
29,29,गाढ़ा,Bold,"4) He had to overcome many obstacles to achieve his goal, but he finally succeeded."
30,30,और वह मैं आप के लिए तैयार किया है कि शब्द कहने जा रहा है.,And he is going to say the word that I have prepared for you.,2
31,31,कॉन्फ़िगर संकुल,Configure external packages,<select the most relevant English sentence>
32,32,बैंक ने निलम्बन के बारे में टिप्पणी करने से इन्कार करते हुए पुष्टि की है कि बैंक को इस महीने विनियामकों से सूचना के लिए अनुरोध प्राप्त हुआ है।,"The bank, which declined to comment on the suspensions, confirmed this month that it has received requests for information from regulators.",1  # The final answer is 1.
33,33,जो लोग बुरा काम किया करते हैं क्या वह ये समझते हैं कि हम उनको उन लोगों के बराबर कर देंगे जो ईमान लाए और अच्छे अच्छे काम भी करते रहे और उन सब का जीना मरना एक सा होगा ये लोग (क्या) बुरे हुक्म लगाते हैं,"What! Do those who seek after evil ways think that We shall hold them equal with those who believe and do righteous deeds,- that equal will be their life and their death? Ill is the judgment that they make.",Alternatives: <list the other options in order of relevance>
34,34,ये तो सठीया गए हैं,Ignore him. He's senile.,"They have become utterly foolish.  # This is the best match for the given Hindi sentence. The word ""सठीया"" means foolish or silly in Hindi. The sentence ""ये तो सठीया गए हैं"" is a common phrase used to express that someone has become foolish or silly. The English sentence ""They have become utterly foolish"" is the most relevant match for this definition."
35,35,DN को उपयोक्ता '%s' के लिए पाने में विफल,Failed to get the DN for user '%s',"Unable to retrieve the DN for user '%s'.  Explanation: The most relevant English sentence is 1) Unable to retrieve the DN for user '%s'.  because both sentences convey the same meaning and are grammatically correct. The word ""पाने में विफल"" in Hindi is translated to ""Unable to retrieve"" in English. The word ""DN"" in Hindi is translated to ""DN"" in English, as it is an abbreviation that is commonly used in both languages. The word ""उपयोक्ता"" in Hindi is translated to ""user"" in English. The word ""%s"" in Hindi is translated to ""%s"" in English, as it is a placeholder for a variable.  Therefore, the most relevant English sentence is 1) Unable to retrieve the DN for user '%s'.  I hope it is correct."
36,36,EMAIL OF TRANSLATORS,Your names,1) A page from a book.
37,37,"राजेश रंजन (rajeshkajha@yahoo.com, rranjan@redhat.com)%d hit(s) on this page",translator-credits,Stage-2 output (best sentence with context):
38,38,"मनुष्यों को चाहत की चीजों से प्रेम शोभायमान प्रतीत होता है कि वे स्त्रिमयाँ, बेटे, सोने-चाँदी के ढेर और निशान लगे (चुने हुए) घोड़े हैं और चौपाए और खेती। यह सब सांसारिक जीवन की सामग्री है और अल्लाह के पास ही अच्छा ठिकाना है","Worldly desires, wives, children, accumulated treasures of gold and silver, horses of noble breed, cattle, and farms are all made to seem attractive to men. All these are the bounties of the worldly life but in the life to come God has the best place for people to dwell.","3) A person who is in trouble is like a stone in the ocean, nobody cares about him."
39,39,"और कहो, ""मेरे रब! तू मुझे ख़ूबी के साथ दाख़िल कर और ख़ूबी के साथ निकाल, और अपनी ओर से मुझे सहायक शक्ति प्रदान कर।""","And pray: ""O my Lord, let my entry be with honour, and let my exit be with honour, and grant me power from You which would help (sustain) me.""","3) May God be my guide and protector, and grant me the power to do good deeds."
40,40,डिस्क में लिखने के लिए कोई गीत नहीं है,There are no songs to write to disc,1) <english sentence>
41,41,एन आर्डिनेरी सिटिज़न ने बांग्लादेश में बांग्ला नववर्ष पोएला बोइशाख के पारंपरिक उत्सव और सांस्कृतिक धरोहर के बारे में पोस्ट लिखी है।,"An ordinary citizen writes about the rich culture of celebrating the Bangla New Year, Pahela Baishakh in Bangladesh.",Stage-1: <the definition of the Hindi sentence and the candidates>
42,42,कुछ भी नहीं किया जा सकता है?,Can nothing be done? !,Rest: <list the other two English sentences>
43,43,- तुमने उसे एक साइकिल पंप से मारा?,- You hit him with a bicycle pump?,Did you give him a good beating with a stick?
44,44,मुझे लगता है वे मुझे से दूर ले चिंतित है.,I worried they take you away from me.,1) I feel disconnected from my true self.
45,45,छल्लेदार स्प्रिंग घिस जाएगी।,Y-you're gonna wear out the spring coil.,3
46,46,मैं नहीं जानता.,I don't know.,Stage-1 output: <definition + candidates>
47,47,कोरियाई (_UHC),Korean (_UHC),<select the most relevant English sentence>
48,48,"नहीं, तुम्हें पता है मैं तुम्हारे लिए क्या कर रहा हूँ पता है क्या?",No. You know what I'm gonna do for you?,1) Do you know what I'm up to for you?
49,49,"यदि तुम उनसे पूछो कि ""आकाशों और धरती को किसने पैदा किया?"" को वे अवश्य कहेंगे, ""अल्लाह ने।"" कहो, ""तुम्हारा क्या विचार है? यदि अल्लाह मुझे कोई तकलीफ़ पहुँचानी चाहे तो क्या अल्लाह से हटकर जिनको तुम पुकारते हो वे उसकी पहुँचाई हुई तकलीफ़ को दूर कर सकते है? या वह मुझपर कोई दयालुता दर्शानी चाहे तो क्या वे उसकी दयालुता को रोक सकते है?"" कह दो, ""मेरे लिए अल्लाह काफ़ी है। भरोसा करनेवाले उसी पर भरोसा करते है।""","If you ask them, ‘Who created the heavens and the earth?’ they will surely say, ‘Allah.’ Say, ‘Have you considered what you invoke besides Allah? Should Allah desire some distress for me, can they remove the distress visited by Him? Or should He desire some mercy for me, can they withhold His mercy?’ Say, ‘Allah is sufficient for me. In Him let all the trusting put their trust.’","1) If you ask them who created the heavens and the earth, they will surely say, ""God."
50,50,"फिर जब देखा कि उसका कुर्ता पीछे से फटा है तो उसने कहा, ""यह तुम स्त्रियों की चाल है। निश्चय ही तुम्हारी चाल बड़े ग़ज़ब की होती है","So when her husband saw his shirt torn from the back, he said, ""Indeed, it is of the women's plan. Indeed, your plan is great.","1) It's clear that you're a woman of great cunning. Stage-1 output (definition + candidates): OR Definition: When he saw that his shirt was torn from behind, he said, ""This is the way women behave. It's clear that your behavior is quite extraordinary."" Candidates: 1) It's clear that you're a woman of great cunning. 2) This is the way women act when they're up to no good. 3) It's obvious that you're a sly one. 1) It's clear that you're a woman of great cunning. 2) This is the way women act when they're up to no good. 3) It's obvious that you're a sly one. 1) It's clear that you're a woman of great cunning. 2) This is the way women act when they're up to no good. 3) It's obvious that you're a sly one. 1) It's clear that you're a woman of great cunning. 2) This is the way women act when they're up to no good. 3) It's obvious that you're a sly one. 1) It's clear that you're a woman of great cunning. 2) This is the way women act when they're up to no good. 3) It's obvious that you're a sly one. 1) It's clear that you're a woman of great cunning. 2) This is the way women act when they're up to no good. 3) It's obvious that you're a sly one. 1) It's clear that you're a woman of great cunning. 2) This is the way women act when they're up to no good. 3) It's obvious that you're a sly one. 1) It's clear that you're a woman of great cunning. 2) This is the way women act when they're up to no good. 3) It's obvious that you're a sly one. 1) It's clear that you're a woman of great cunning. 2) This is the way women act when they're up to no good. 3) It's obvious that you're a sly one. 1) It's clear that you're a woman of great cunning. 2"
51,51,दृश्य में क्षेत्र दिखायें (_n),Show field i_n View,3
52,52,"शुक्रिया, मेरे खयाल से।",Thanks. I think.,2) Do you have a moment to spare?
53,53,"शायद यह भी कफन ही, सब कुछ.","Maybe the even the shroud itself, everything.",Alternatives:
54,54,मैं सेना शिविरों के आसपास गाड़ियां धक्का देखा है सुअर गंदगी से भरा जार के बारे में भव्य दावा कर ...,I've seen pushing carts around army camps making grand claims about jars full of pig shit...,1) I've seen people making a big deal out of nothing.
55,55,जोड़ें,Add,Stage-1 output (definition + candidates):
56,56,अपने ब्लॉग अंतर्राष्ट्रीय रिपोर्टरों और चिट्ठाकारों के सुपुर्द कर उन्हें जारी रखें।,As an example I have handed over my blog posting rights to a free speech,1) I'm passing the torch to the next generation of writers to keep my blog alive.
57,57,अगला (_N),_Next,The next phase of development.
58,58,आप केप केनवरल में हैं और आप मिशन कंट्रोल के प्रमुख हैं.,You are in Cape Canaveral and you are Head of Mission Control.,4) I'm in the control room and I'm the head of the mission.  // edited
59,59,"अपने रब की अनुमति से वह हर समय अपना फल दे रहा हो। अल्लाह तो लोगों के लिए मिशालें पेश करता है, ताकि वे जाग्रत हों","It produces its fruit all the time, by permission of its Lord. And Allah presents examples for the people that perhaps they will be reminded.",3) God is giving us examples to follow so that we may learn from them.
60,60,जो जो चीज़ सारे आसमान व ज़मीन में है सब ख़ुदा की तसबीह करती है और वही ग़ालिब हिकमत वाला है,All that is in the heavens and the earth glorify God. He is Majestic and All-wise.,2
61,61,- यह कोई फर्क नहीं पड़ता है जहाँ वह है।,- It does not matter where she is.,2) It's not where he is that matters.
62,62,री-लोड फ़ाइल,Reload current file,Stage-1 output (definition + candidates):
63,63,अज्ञान में ही नहीं है ... मासूमियत के रूप में।,Ignorance is not the same... as innocence.,2
64,64,आगे बढ़ें,Proceed,3) You can't have it both ways.
65,65,निश्चय ही तुम्हारे रब ही की ओर पलटना है,But to your Lord is the return.,"Whatever happens, happens for the best."
66,66,- अगर आप अभी तक फुटबॉल दायर की थी?,- Did you file the football yet?,<select the most relevant English sentence>
67,67,घड़ीName,Clock,```
68,68,डंपलिंग दल!,Dumpling Squad!,Don't keep company with a thief.
69,69,"और कहेंगे, ""हम उसपर ईमान ले आए।"" हालाँकि उनके लिए कहाँ सम्भव है कि इतने दूरस्थ स्थान से उसको पास सकें","And say: We (now) believe therein. But how can they reach (faith) from afar off,",3
70,70,Yahoo! Japan,Yahoo! Japan,2) That guy is so hyper and always bouncing around like a rubber ball.
71,71,नेट के सम्मेलन ब्लॉग ने रपट दी:,SciDev.Net's conference blog reports that:,Stage-1 output (definition + candidates):
72,72,विषय सूची (_C),_Contents,Be a fool.
73,73,"उस के साथ, वे काम पर उसे डाल सकता है.","WITH THAT, THEY COULD PUT HIM AT THE JOB.",Other options: <list the other English sentences>
74,74,संलग्नक स्मारक,Attachment Reminder,A monument attached to the main building
75,75,आप एक तलवार और जादू बेवकूफों का एक गुच्छा के साथ एक झनझन मिला.,What rifles? You got a Chink with a sword and a buncha juggling idiots.,A meeting of a fool with a group of foolish people who are armed with a sword and magic.
76,76,(और) तुम पर आसमान से मूसलाधार पानी बरसाएगा,"He will send down abundant rain from the sky for you,",God will pour down a deluge of blessings upon you.  |  Best: You will be blessed with a deluge of good fortune.  |  Best: You will be blessed with a deluge of blessings.  |  Best: A deluge of blessings will come your way.  |  Best: You will be blessed with a flood of blessings.  |  Best: You will be blessed with a deluge of blessings.  |  Best: God will pour down a flood of blessings upon you.  |  Best: You will be blessed with a deluge of blessings.  |  Best: You will be blessed with a deluge of blessings.  |  Best: You will be blessed with a deluge of blessings.  |  Best: You will be blessed with a deluge of blessings.  |  Best: You will be blessed with a deluge of blessings.  |  Best: You will be blessed with a deluge of blessings.  |  Best: You will be blessed with a deluge of blessings.  |  Best: You will be blessed with a deluge of blessings.  |  Best: You will be blessed with a deluge of blessings.  |  Best: You will be blessed with a deluge of blessings.  |  Best: You will be blessed with a deluge of blessings.  |  Best: You will be blessed with a deluge of blessings.  |  Best: You will be blessed with a deluge of blessings.  |  Best: You will be blessed with a deluge of blessings.  |  Best: You will be blessed with a deluge of blessings.  |  Best: You will be blessed with a deluge of blessings.  |  Best: You will be blessed with a deluge of blessings.  |  Best: You will be blessed with a deluge of blessings.  |  Best: You will be blessed with a deluge of blessings.  |  Best: You will be blessed with a deluge of blessings.  |  Best: You will be blessed with a deluge of blessings.  |  Best: You will be blessed with a deluge of blessings.  |  Best: You will be blessed with a deluge of blessings.  |  Best: You will be blessed with a deluge of blessings.  |  Best: You will be blessed
77,77,डिस्क में लिखने के लिए कोई गीत नहीं है,There are no songs to write to disc,1) The record is blank.
78,78,मैंने बहुत-सी चीज़ों के बारे में सोचने और पढ़ने की कोशिश की है.,I've tried thinking and reading about all sorts of different things.,3
79,79,एक त्रुटि के कारण कार्यक्रम विलोपित नहीं किया जा सका: %s,The event could not be deleted due to an error: %s,Stage-1 output (definition + candidates):
80,80,पिछले तीन वर्षों में सैकड़ों नए ब्लॉग और फ़ोरम बने हैं.,The past three have seen hundreds of new blogs and forums.,3
81,81,"दरवाजा खुला था, और उसने बाथ टब में उस पागल औरत को देखा.","The door was open, and he saw this crazy woman in the bathtub.",4) <optional fourth sentence> (if available)
82,82,"तुम देर से, सुंदर लड़के हैं.","You're late, pretty boy.",Definition: <definition of the Hindi sentence>
83,83,और मैं तुम्हारे साथ काम करने के लिए नहीं करना चाहती.,And I don't want to work with you.,I don't want to work with you.
84,84,बैटरी चेतावनी स्तर पर हैComment,Battery at warning level,I'm happy with my family.
85,85,"मुझे ज़ोर से हर्षध्वनी सुनाई देनी चाहिए, क्लाइमेट कैम्प 2009 को आरम्भ करने के लिए",Let me hear a massive cheer for getting Climate Camp 2009 started!,2) Any kind of content will have to be broadcasted in any way following a general rule.
86,86,छवि (_I),_Image,2) Don't judge a person by their looks.
87,87,चयनित छवि भिन्न अनुप्रयोग से खोलें,Open the selected image with a different application,2
88,88,तुम सबका पैदा करना और फिर (मरने के बाद) जिला उठाना एक शख्स के (पैदा करने और जिला उठाने के) बराबर है बेशक ख़ुदा (तुम सब की) सुनता और सब कुछ देख रहा है,"Your creation and your upraising are as but as a single soul. God is All-hearing, All-seeing.",1) The events that occur in the world are mirrored in the universe.
89,89,"और ऐ मेरी क़ौम के लोगो! मुझे तुम्हारे बारे में चीख़-पुकार के दिन का भय है,","""And O my people! I fear for you a Day when there will be Mutual calling (and wailing),-",Others: <list the other candidates>
90,90,अगर हसन खान की सुरक्षा के साथ समझौता किया गया है तो यह बहुत गंभीर बात है।,"If Hasan Khan's security has been compromised, then it is a very serious matter.","1) If the safety of a key witness has been compromised, it's a serious issue."
91,91,(और इनमें दोनों बातें पायी जाती हैं तब) शुएब ने कहा मै चाहता हूँ कि अपनी दोनों लड़कियों में से एक के साथ तुम्हारा इस (महर) पर निकाह कर दूँ कि तुम आठ बरस तक मेरी नौकरी करो और अगर तुम दस बरस पूरे कर दो तो तुम्हारा एहसान और मै तुम पर मेहनत मशक्क़त भी डालना नही चाहता और तुम मुझे इन्शा अल्लाह नेको कार आदमी पाओगे,"He said: Lo! I fain would marry thee to one of these two daughters of mine on condition that thou hirest thyself to me for (the term of) eight pilgrimages. Then if thou completest ten it will be of thine own accord, for I would not make it hard for thee. Allah willing, thou wilt find me of the righteous.",<select the most relevant English sentence> OR
92,92,तुम्हारे रंग लग गया है.,You got paint on you.,2) I think your words are correct.
93,93,"नमस्ते, मेरा नाम डिक हैलोरन है.","Hello, my name is Dick Hallorann.","Hello, I'm Jane Doe."
94,94,"हम जानते है जो कुछ वे कहते है, तुम उनपर कोई ज़बरदस्ती करनेवाले तो हो नहीं। अतः तुम क़ुरआन के द्वारा उसे नसीहत करो जो हमारी चेतावनी से डरे","We are the best Knower of that which they say, and thou art not over them over them tyrant. Wherefore admonish thou by the Qur'an him who feareth My threat.",2
95,95,भैरवा!,Bhairava!,You're on thin ice.
96,96,यदि मेरे पिता अब मुझे देख सकता था...,If my dad could see me now...,1) Can you please explain this to me?
97,97,15मिनटमेंTet केऑफ़लाइन,Tet's offline in 15 minutes.,2) On hold with someone who is not available.
98,98,..that हम बेकार लड़के के बजाय एक लड़की के साथ धन्य हो जा रहे हैं।,..that we're going to be blessed with a girl instead of useless boys.,Optional: <optional extra sentences>
99,99,जोड़ें (d),Add,Stage-1 output (definition + candidates):
100,100,मैं अपने बच्चे है.,L have your child.,I'm a kid.
101,101,दोनों नाकारा लोगों को दरवाज़ा दिखाया गया... और आए दो और नाकारा लोग।,"Tweedledee and Tweedledum went out the door, and in came Tweedle Dumb and Dumber.",1) You get what you give.
102,102,और प्रातःकाल और सन्ध्या समय उसकी तसबीह करते रहो -,And glorify His Praises morning and afternoon [the early morning (Fajr) and 'Asr prayers].,1) May God be with you all day and every moment.
103,103,2O लाख पाउंड.,2O million pounds.,1) A fortune of 20 million pounds.
104,104,"आकाशों और धरती का रब, सिंहासन का स्वामी, उससे महान और उच्च है जो वे बयान करते है।""","Exaltations be to the Lord of the heavens and the earth, the Lord of the Throne, above that which they describe'",1. The One who sits on the throne of the universe is beyond human comprehension.
105,105,- तुम्हें अकेले रहना चाहिए!,- You need a time-out!,Stage-1 output: <definition + candidates>
106,106,%s (%s),%s (%s),2) The moment you open your eyes
107,107,मैं तुम्हारे लिए इंतजार कर रहा था कप्तान- शायद आपको कुछ चाय पसंद है?,I have been expecting you Captain. Perhaps you would like some tea.,```python
108,108,इसमें भी शक नहीं कि खुदा और उसके फरिश्ते पैग़म्बर (और उनकी आल) पर दुरूद भेजते हैं तो ऐ ईमानदारों तुम भी दुरूद भेजते रहो और बराबर सलाम करते रहो,"Allah and His angels praise and venerate the Prophet. Believers, praise and venerate him and pronounce peace upon him in abundance.",Stage-1 output (definition + candidates):
109,109,"नहीं, मैं कुछ के बीच में हूँ.","No, I'm in the middle of something.",1) I'm stuck between a rock and a hard place.
110,110,16 दिसम्बर की कार्यवाही जिसमें एन. जी.,"The action, 16th of December, where NGOs and small nations and countries, all sorts of people from inside the conference...",Definition: <the definition of the Hindi sentence>
111,111,फिर तुम अवश्य मरनेवाले हो,"After that, surely, you will die.",Candidates: <list the other possible English sentences>  # Output format: Best: <select the most relevant English sentence> Candidates: <list the other possible English sentences>
112,112,[पुरुष अपनी मातृभाषा में बोल रहा है],[man speaking native language],One should never stop in the journey of life.
113,113,# दिखाएँ # पर चला जाता है पृथ्वी बदल जाता है और गर्मियों के सभी # रूप में चला गया,#As the earth turns and the summer's all gone#,I have never seen anyone in my life who has pursued their dreams with such passion and dedication.
114,114,तो क्या ये लोग बस क़यामत ही के मुनतज़िर हैं कि उन पर एक बारगी आ जाए तो उसकी निशानियाँ आ चुकी हैं तो जिस वक्त क़यामत उन (के सर) पर आ पहुँचेगी फिर उन्हें नसीहत कहाँ मुफीद हो सकती है,"Do they wait for any thing but the Hour (of change), that it may come upon them suddenly? Its signs have already appeared. How then will they be warned when it has come upon them?",They are so brazen that they think they are above the law and will not be held accountable for their actions.
115,115,"""धुन में उस दिन एक चोट आज के रूप में""","""In rhapsody that day As a whiplash today""",Stage-1 output (definition + candidates):
116,116,आरंभिक तारीख अवैध है.,Start date invalid.,Those who know me know me.
117,117,"विलियम लाँग ने गूगल और बायडू द्वारा निर्मित कुछ पैरोडी विडियो पोस्ट किये हैं जिनमें गूगल ने बायडू को ""हंड्रेड पॉयज़न"" यानि ज़हरीला पुकारा तो बायडू ने गूगल को विदेशी बाहरी कंपनी कह कर चिढ़ाया।","William Long posted some spoofing videos produced by Google and Baidu, in which, Google called Baidu ""hundred poisons"" and Baidu mocked google as a foreign / alien company (zh).",Google and Baidu have been trading witty barbs. Stage-3 output (translated sentence):
118,118,यह एक चूहा नहीं है!,It's not a rat!,Explanation: <provide a brief explanation for the selected sentence>
119,119,यूनिकोड (UTF-3_2 LE),Unicode (UTF-3_2 LE),2) A set of characters that can be used to represent any language in digital form.
120,120,मैं आज सुबह तो पागल घर छोड़ दिया.,I left the apartment this morning so mad.,Explanation: <add a brief explanation of the translation>
121,121,"और अल्लाह ने तुम्हारे लिए अपनी पैदा की हुई चीज़ों से छाँवों का प्रबन्ध किया और पहाड़ो में तुम्हारे लिए छिपने के स्थान बनाए और तुम्हें लिबास दिए जो गर्मी से बचाते है और कुछ अन्य वस्त्र भी दिए जो तुम्हारी लड़ाई में तुम्हारे लिए बचाव का काम करते है। इस प्रकार वह तुमपर अपनी नेमत पूरी करता है, ताकि तुम आज्ञाकारी बनो","It is Allah Who made out of the things He created, some things to give you shade; of the hills He made some for your shelter; He made you garments to protect you from heat, and coats of mail to protect you from your (mutual) violence. Thus does He complete His favours on you, that ye may bow to His Will (in Islam).",Alternatives: <list the other English sentences that are somewhat relevant but not the best match>
122,122,केस्प्रेड के लिए सीएसवी आयात फ़िल्टरName,CSV Import Filter for KSpread,<select the most relevant English sentence>
123,123,और निश्चय ही वह स्वयं इसपर गवाह है!,To this he himself shall bear witness.,3) He is the one who has the most knowledge about this.
124,124,(ऐ रसूल) तुम उनसे कह दो कि अगर खुदा तुम्हारे साथ बुराई का इरादा कर बैठे तो तुम्हें उसके (अज़ाब) से कौन ऐसा है जो बचाए या भलाई ही करना चाहे (तो कौन रोक सकता है) और ये लोग खुदा के सिवा न तो किसी को अपना सरपरस्त पाएँगे और न मद्दगार,"Say, “Who is it who will shield you from God, if He intends adversity for you, or intends mercy for you?” Besides God, they will find for themselves neither friend nor helper.","If God wills evil towards you, who can save you from His punishment?"
125,125,कैसे एक शेर में प्राप्त करता है बाथरूम?,How does a tiger get in the bathroom?,4) It's anyone's guess how one gets to the restroom.
126,126,“%s” गुण,“%s” Properties,1) A sworn enemy.
127,127,यह गुम्मट है.,Is a watchtower.,3
128,128,काश वह मुझे एक बच्चा दिया होता.,If only he could have given me a child.,1) <optional first sentence>
129,129,"""ऐ मेरे बेटे! नमाज़ का आयोजन कर और भलाई का हुक्म दे और बुराई से रोक और जो मुसीबत भी तुझपर पड़े उसपर धैर्य से काम ले। निस्संदेह ये उन कामों में से है जो अनिवार्य और ढृढसंकल्प के काम है","My son, be steadfast in prayer. Make others do good. Prevent them from doing evil. Be patient in hardship. Patience comes from faith and determination.",Stage-1 output: <definition + candidates>
130,130,/ अच्छा है. वह सिर्फ भूखा था.,"Shut up, Alan.",Stage-2 output (just the best English sentence):
131,131,हमने फ्यूरर के लिए प्रतिज्ञा ली है.,We made our pledge to the Führer.,1) We have sworn allegiance to the leader.
132,132,मसौदा सहेजें (_S),_Save Draft,Definition: <define the Hindi sentence>
133,133,आकार,Size,Alternatives: <list the other relevant English sentences>
134,134,सामान्य,General,2) Strict
135,135,हम हमारे तहखाने की तरफ जा रहे हैं.,We're on our way to the basement.,Definition: <one-sentence definition>
136,136,भीड़ से सराबोर समारोह स्थल तथा देश भर से आए हुए अंतिम दौर के प्रतिभागी व इसमें रुचि रखने वाले चिट्ठाकार इस बात के गवाह हैं.,"The packed out venue last night attests to this, as does the fact that finalists and interested parties flew in from around the country to be there.","2) The venue was teeming with people and the participants from the final round, along with the bloggers who were interested in it, were all witnesses to this. 4) The event venue was crowded with people and the participants from the final round, along with the bloggers who were interested in it, were all witnesses to this."
137,137,और आप खुद के बारे में उन्हें गर्व करते हैं क्योंकि वे तुम्हें माफ.,And they forgive you because you make them proud of themselves.,Candidates: <list the other similar English sentences>
138,138,ये अंगूर इतने खट्टे हैं कि मुझसे खाए नहीं जा रहे।,These grapes are so sour that I can't eat them.,"Explanation: <optional explanation for the selection>  Best: 1) These lemons are so sour that I can't eat them. Explanation: The word ""lemons"" is a good match for the Hindi word ""अंगूर"" (angoor) which means grapes. The sentence structure and meaning are also similar.  Explanation: The word ""lemons"" is a good match for the Hindi word ""अंगूर"" (angoor) which means grapes. The sentence structure and meaning are also similar."
139,139,"- दो सूट ड्राई-क्लीन के लिए और जो-सो का एक बैग. - हां, महोदय.",Two suits for dry-clean and a bag of whatnot.,1
140,140,तुम मेरे लिए रक्षा चलाने वाला आदमी है जो कर रहे हैं?,In that old rust bucket of yours?,Alternatives: <list the other similar English sentences>
141,141,"निश्चय ही अल्लाह उन लोगों को जो ईमान लाए और उन्होंने अच्छे कर्म किए ऐसे बागों में दाख़िल करेगा जिनके नीचे नहरें बह रही होंगी। रहे वे लोग जिन्होंने इनकार किया, वे कुछ दिनों का सुख भोग रहे है और खा रहे है, जिसे चौपाए खाते है। और आग उनका ठिकाना है","God shall surely admit those who believe and do righteous deeds into gardens underneath which rivers flow. As for the unbelievers, they take their enjoyment and eat as cattle eat; and the Fire shall be their lodging.",<select the most relevant English sentence>  # Stage-1 output (definition + candidates)
142,142,क्या हुआ?,What's happened?,What happened?
143,143,- (गोली),- ( gunshot ),<select the most relevant English sentence>
144,144,मसौदा सहेजें (_S),_Save Draft,16) The document is being saved as a draft.
145,145,"हाँ, लेकिन अब आप समस्या हैं .","Yes, but now you are the problem.",You're the one who's causing the problem now.
146,146,raviratlami@ aol. in,Your emails,Explanation: <optional>  OR  Best: <select the most relevant English sentence>
147,147,"कह दो, ""उनमें वही जाल डालेगा जिसने उनको पहली बार पैदा किया। वह तो प्रत्येक संसृति को भली-भाँति जानता है","(Muhammad), tell him, ""He who gave them life in the first place will bring them back to life again. He has the best knowledge of all creatures.",1) He knows the world well enough to know how to manipulate it.
148,148,♪ मैं हमेशा पर आयोजित है ♪,♪ I've always held on to ♪,2) I'm always ready for whatever comes my way.
149,149,डिस्क संरूपित कर रहा है,Formatting disc,Count: <actual count of candidates> |
150,150,हैलो?,Hello?,Hello.
151,151,हाँ.,Yeah.,1) I agree.
152,152,- आप एक पाते हैं?,What happened when you attacked here?,2
153,153,पाठ,Text,1) A life experience that teaches you a valuable lesson.
154,154,"सौभाग्य से, मैं एक नरम लैंडिंग था.","Luckily, I had a soft landing.",```
155,155,आप क्या - क्या तुम यह क्या है जानते हो?,Do you--do you know what this is?,What's wrong with you?
156,156,और हमने दाऊद को सुलैमान प्रदान किया। वह कितना अच्छा बन्दा था! निश्चय ही वह बहुत ही रुजू रहनेवाला था।,"And We gave to Dawood Sulaiman, most excellent the servant! Surely he was frequent in returning (to Allah).",3
157,157,सौदा बंद करें.,Get the deal closed.,Others: <list the other similar English sentences>
158,158,संपादन (_E),_Edit,1) Editing is a delicate art.
159,159,"जयश्री गोविंदराजन, मुम्बई कुछ पारंपरिक रसोई के नुसखों को सभी से साझा कर रही हैं.","Jayashree Govindarajan, Mumbai shares some of the traditional recipes.","3) A Mumbai-based home cook is sharing her traditional recipes with the community.  (Note: This is the best match because it most closely matches the definition of the Hindi sentence, which mentions a woman sharing traditional recipes with everyone. The other candidates either specify a family or followers, which is not mentioned in the Hindi sentence.)"
160,160,(ऐ मुशरेकीन मक्का) क्या तुम्हारे परवरदिगार ने तुम्हें चुन चुन कर बेटे दिए हैं और खुद बेटियाँ ली हैं (यानि) फरिश्ते इसमें शक़ नहीं कि बड़ी (सख्त) बात कहते हो,(Pagans) has your Lord given you preference over Himself by granting you sons and taking the angels as His own daughters? What you say is a monstrous utterance.,1) It is obvious that you are being very stern.
161,161,"युगल घंटे बाद, आप डबल क्रॉस के कुछ प्रकार में चल .","Couple hours later, you walk into some type of double cross.",<select the most relevant English sentence> OR
162,162,"हरमन, ये इंसान हैं.","Hermann, these are human beings.",1
163,163,पुनर्भंडारण के लिए एवोल्यूशन फिर शुरू करें (_R),_Restart Evolution after restore,1
164,164,निहाल हो रहे हैं (जंगे ओहद में) जिन लोगों ने जख्म खाने के बाद भी ख़ुदा और रसूल का कहना माना उनमें से जिन लोगों ने नेकी और परहेज़गारी की (सब के लिये नहीं सिर्फ) उनके लिये बड़ा सवाब है,Those [believers] who responded to Allah and the Messenger after injury had struck them. For those who did good among them and feared Allah is a great reward -,Candidates: <list the other two similar English sentences>
165,165,क्या तुम्हें नहीं मालूम कि अल्लाह जानता है जो कुछ आकाश और धरती मैं हैं? निश्चय ही वह (लोगों का कर्म) एक किताब में अंकित है। निस्संदेह वह (फ़ैसला करना) अल्लाह के लिए अत्यन्त सरल है,Do you not know that Allah knows what is in the heaven and the earth? Surely this is in a book; surely this is easy to Allah.,Definition: <the definition of the Hindi sentence>
166,166,"उनके पास अतीत को ऐसी खबरें आ चुकी है, जिनमें ताड़ना अर्थात पूर्णतः तत्वदर्शीता है।","And indeed the news which had a lot of deterrence, came to them.",3
167,167,हमने केवल एक बात कही.,We just made a point.,1) We only spoke our minds.
168,168,(ऐ रसूल) तुम उनसे कहो कि (बेबस) आओ जो चीज़ें ख़ुदा ने तुम पर हराम की हैं वह मैं तुम्हें पढ़ कर सुनाऊँ (वह) यह कि किसी चीज़ को ख़ुदा का शरीक़ न बनाओ और माँ बाप के साथ नेक सुलूक़ करो और मुफ़लिसी के ख़ौफ से अपनी औलाद को मार न डालना (क्योंकि) उनको और तुमको रिज़क देने वाले तो हम हैं और बदकारियों के क़रीब भी न जाओ ख्वाह (चाहे) वह ज़ाहिर हो या पोशीदा और किसी जान वाले को जिस के क़त्ल को ख़ुदा ने हराम किया है न मार डालना मगर (किसी) हक़ के ऐवज़ में वह बातें हैं जिनका ख़ुदा ने तुम्हें हुक्म दिया है ताकि तुम लोग समझो और यतीम के माल के करीब भी न जाओ,"Say, “Come, let me tell you what your Lord has forbidden you: that you associate nothing with Him; that you honor your parents; that you do not kill your children because of poverty—We provide for you and for them; that you do not come near indecencies, whether outward or inward; and that you do not kill the soul which God has sanctified—except in the course of justice. All this He has enjoined upon you, so that you may understand.”","1) God has forbidden certain things to those who are helpless, and I will recite them to you."
169,169,"तुमने कहा कि हम शादीशुदा हैं, मैनें कहा कि मैं 3 महीने की गर्भवती हूँ.","You told them that we're married, I told them I'm 3 months pregnant!",```python
170,170,भारतः रंगमंच का जादू,India: All about the Theatre! · Global Voices,"1) The world stage is a platform for India to showcase its talent.  Explanation: The correct answer is the one that best matches the definition of the Hindi sentence. The correct answer is the one that captures the essence of the idiom and conveys the same meaning as the Hindi sentence. In this case, the correct answer is ""The world stage is a platform for India to showcase its talent."" This sentence captures the essence of the idiom and conveys the idea that India is a land of magic, where the magic is the diverse and vibrant culture, art, music, and traditions of India. The other options do not match the definition of the Hindi sentence and do not convey the same meaning. Option 2 is too general and does not specifically mention the stage or the magic of India. Option 3 is too focused on art and music and does not capture the broader cultural context of the idiom. Therefore, the best English sentence that matches the definition of the Hindi sentence is ""The world stage is a platform for India to showcase its talent.""  |"
171,171,ऑफ़लाइन मोड में फ़ोल्डर सदस्यता नहीं ले सकता.,Cannot subscribe folder in offline mode.,1) You can't join a shared folder when you're offline. OR
172,172,जब माला मिल जाये तो मुझे आशा है कि तुम उन्हें वापस कर दोगी.,When you find the beads I hope you'll return them.,2) I trust you will return them to me once you meet them.
173,173,देखें (_V),_View,Alternatives:
174,174,कभी नहीं!,He'll no longer lead us.,Not on your life!
175,175,(ऐ रसूल अहले किताब से कहो कि) आख़िर तुम हमसे इसके सिवा और क्या ऐब लगा सकते हो कि हम ख़ुदा पर और जो (किताब) हमारे पास भेजी गयी है और जो हमसे पहले भेजी गयी ईमान लाए हैं और ये तुममें के अक्सर बदकार हैं,"Say to them: 'People of the Book! Do you hate us for anything else except that we believe in Allah, and in the teaching which has been revealed to us and in the teaching which was revealed before? Indeed most of you are transgressors.'","What other fault can you find with us, except for our faith in God and the Book that has been sent to us, and the faith that has been sent before us?"
176,176,(ये सुन कर) इबराहीम ने कहा कि इस बस्ती में तो लूत भी है वह फरिश्ते बोले जो लोग इस बस्ती में हैं हम लोग उनसे खूब वाक़िफ़ हैं हम तो उनको और उनके लड़के बालों को यक़ीनी बचा लेंगे मगर उनकी बीबी को वह (अलबता) पीछे रह जाने वालों में होगीं,"He said: Surely in it is Lut. They said: We know well who is in it; we shall certainly deliver him and his followers, except his wife; she shall be of those who remain behind.","When Abraham heard this, he said, ""Even Lot is here in this town."" The angels said, ""We know the people of this town very well. We will save the men, their children, and their livestock, but their wives will be left behind."
177,177,इसी तरह कई गाँव वाले मारे गए हैं,That's how many villagers died,Some people believe that this is true.
178,178,raviratlami@ aol. in,Your emails,Definition: <one-sentence definition>
179,179,निकटस्थ साइट,Nearby Sites,The location just a stone's throw away.  ```python
180,180,"जिस दिन वह आएगा, तो उसकी अनुमति के बिना कोई व्यक्ति बात तक न कर सकेगा। फिर (मानवों में) कोई तो उनमें अभागा होगा और कोई भाग्यशाली","On the Day when it arrives, no soul will speak without His permission. Some will be miserable, and some will be happy.",Alternatives: <list the other similar English sentences>
181,181,"इसके लिए धन्‍यवाद, जैक.","Thanks for that, Jack.",1
182,182,सारा पाठ चुनें,Select all text,1) Whatever is done is done
183,183,संकुचित संपर्क सूची,Compact contact list,A small circle of friends.
184,184,और खुदा तो बेशक बड़ा वाक़िफकार बुर्दवार है यही (ठीक) है और जो शख्स (अपने दुश्मन को) उतना ही सताए जितना ये उसके हाथों से सताया गया था उसके बाद फिर (दोबारा दुशमन की तरफ़ से) उस पर ज्यादती की जाए तो खुदा उस मज़लूम की ज़रूर मदद करेगा,"So will it be; and whoever retaliates with the like of what he has been made to suffer, and is aggressed against [again] thereafter, Allah will surely help him. Indeed Allah is all-excusing, all-forgiving.",1
185,185,भगवान ने हमें आजादी दे दी है.,God has given us freedom.,"We want to win at all costs, but also want to emerge victorious."
186,186,- तुम देखो हम कितने व्यस्त हैं.,- You see how busy we are.,We are swamped with work.
187,187,क्लिपबोर्ड में जमा फाइल जोड़ें,Add the files stored in the clipboard,```
188,188,वर्तमान फ़ाइल एक भिन्न नाम से सहेजें,Save the current file with a different name,<select the most relevant English sentence>
189,189,%s में नए संदेश के लिये सारांश सूचना ला रहा है,Retrieving quota information for '%s',A motivational speaker to inspire %s for their work.
190,190,"""... और अब हम दास नहीं हैं ...""","""...and we are slaves no longer...""",1) There's a lesson to be learned here.
191,191,चयनित संदेश की तरह सभी संदेश एक जगह अंतःसूत्रित करें,Select all messages in the same thread as the selected message,Alternatives: <list the other options>
192,192,सब लोग हमें गुजर रहा है.,Everybody's passing us.,<select the most relevant English sentence>
193,193,कुछ नहीं करें,Do Nothing,```
194,194,वहाँहममेंसेचार हैं लेकिन हम आप से डर रहे हैं,There are four of us but we are frightened of you.,Stage-1 output (definition + candidates):
195,195,"और दूसरे कुछ लोग है जिन्होंने अपने गुनाहों का इक़रार किया। उन्होंने मिले-जुले कर्म किए, कुछ अच्छे और कुछ बुरे। आशा है कि अल्लाह की कृपा-स्पष्ट उनपर हो। निस्संदेह अल्लाह अत्यन्त क्षमाशील, दयावान है","And (there are) others who have acknowledged their faults. They mixed a righteous action with another that was bad. It may be that Allah will relent toward them. Lo! Allah is Forgiving, Merciful.","1) Some people have acknowledged their wrongdoing and done a mix of good and bad deeds, hoping for God's mercy."
196,196,दूसरे दिन बाहर की मदद करने के लिए धन्यवाद भी.,"Thanks for helping out the other day, too.",2
197,197,चयनित छवि भिन्न अनुप्रयोग से खोलें,Open the selected image with a different application,Definition: <definition of the Hindi sentence>
198,198,"लगता है कि आकाश स्वयं अपने ऊपर से फट पड़े। हाल यह है कि फ़रिश्ते अपने रब का गुणगान कर रहे, और उन लोगों के लिए जो धरती में है, क्षमा की प्रार्थना करते रहते है। सुन लो! निश्चय ही अल्लाह ही क्षमाशील, अत्यन्त दयावान है","The heavens are about to be rent apart from above them, while the angels celebrate the praise of their Lord and plead for forgiveness for those [faithful] who are on the earth. Indeed, Allah is the All-forgiving, the All-merciful!",4) <optional fourth sentence> (if available)
199,199,"न अन्धे के लिए कोई हरज है, न लँगडे के लिए कोई हरज है और न बीमार के लिए कोई हरज है। जो भी अल्लाह और उसके रसूल की आज्ञा का पालन करेगा, उसे वह ऐसे बाग़ों में दाख़िल करके, जिनके नीचे नहरे बह रही होगी, किन्तु जो मुँह फेरेगा उसे वह दुखद यातना देगा","There is no fault in the blind, or the lame, or the sick. He who obeys Allah and His Messenger He shall admit him to Gardens underneath which rivers flow; but he who turns away shall be punished with a painful punishment.",Stage-1 output: <definition + candidates>
200,200,क्यों तुम मेरे साथ नहीं आया था.,Why didn't you come with me.,3) Why didn't you join me?
201,201,"हाँ, 7,000 लोग.","Yeah, 7,000 people.","Yes, 7,000 people."
202,202,राजा मैं.,King me. -Chess.,1
203,203,खोलें (_O),_Open,"1) To unlock.  # The word ""_O"" is a zero-derivative form of the Hindi word ""खोल"". It is used to indicate the verb form of the word."
204,204,"वैसे भी, कला पर ले जाया गया, केरूपमेंयहचाहिए ,यहकरनेके लिएहै.","Anyway, art moved on, as it must, it has to.","1) The emphasis is on the art, and it should be done in that way for that purpose."
205,205,आप पहले अनुभव है?,Do you have prior experience?,3) You're a seasoned campaigner.
206,206,गबन भेजें.,Send the drone.,Alternatives: <list the other relevant English sentences>
207,207,"आप अकेले रहना चाहते हैं, हम समझते हैं.","If you want to be alone, we understand.",Stage-1 output: <list the candidates>
208,208,"ऐ मेरे बन्दों, जो ईमान लाए हो! निस्संदेह मेरी धरती विशाल है। अतः तुम मेरी ही बन्दगी करो",O My bondmen who believe! Indeed My earth is spacious – therefore worship Me alone.,"2) Come, my children, and serve me, for I am the one true ruler of this land."
209,209,इस यथारूप प्रविष्टि की सभी सूचनाएँ मिट दी जाएँगी और फिर सहेजी नहीं जा सकेगी.,All information in this memo will be deleted and can not be restored.,2
210,210,बाद में ... दोबारा... मैं तुम्हारे लिए तोड़ दुंगा.,Later I will pluck for you twice.,"1) Don't worry, I'll fix it later.  ##### The best translation of the Hindi sentence is: Best: 1) Don't worry, I'll fix it later. ##### The best translation of the Hindi sentence is: Best: 1) Don't worry, I'll fix it later.  The best translation of the Hindi sentence is: Best: 1) Don't worry, I'll fix it later.  The best translation of the Hindi sentence is: Best: 1) Don't worry, I'll fix it later.  The best translation of the Hindi sentence is: Best: 1) Don't worry, I'll fix it later.  The best translation of the Hindi sentence is: Best: 1) Don't worry, I'll fix it later.  The best translation of the Hindi sentence is: Best: 1) Don't worry, I'll fix it later.  The best translation of the Hindi sentence is: Best: 1) Don't worry, I'll fix it later.  The best translation of the Hindi sentence is: Best: 1) Don't worry, I'll fix it later.  The best translation of the Hindi sentence is: Best: 1) Don't worry, I'll fix it later.  The best translation of the Hindi sentence is: Best: 1) Don't worry, I'll fix it later.  The best translation of the Hindi sentence is: Best: 1) Don't worry, I'll fix it later.  The best translation of the Hindi sentence is: Best: 1) Don't worry, I'll fix it later.  The best translation of the Hindi sentence is: Best: 1) Don't worry, I'll fix it later.  The best translation of the Hindi sentence is: Best: 1) Don't worry, I'll fix it later.  The best translation of the Hindi sentence is: Best: 1) Don't worry, I'll fix it later.  The best translation of the Hindi sentence is: Best: 1) Don't worry, I'll fix it later.  The best translation of the Hindi sentence is: Best: 1) Don't worry, I'll fix it later.  The best translation of the Hindi sentence is: Best: 1) Don't worry, I'll fix it later.  The best translation of the Hindi sentence is: Best:"
211,211,"हे रोमियो, रोमियो, किस कला तू रोमियो?","O Romeo, Romeo, wherefore art thou Romeo?",What's your secret talent?
212,212,(ऐ रसूल) क्या तुम्हारे पास मूसा का किस्सा भी पहुँचा है,Hath there come Unto thee the story of Musa!,1) Have you heard of the legend of Hercules?
213,213,आप फिटिंग रसोई बारे में एक भाषण बना रहे हैं?,YOU'RE MAKING A SPEECH ABOUT FITTING KITCHENS?,Stage-1 output:
214,214,ऐ ईमानदारों तुममें से जो कोई अपने दीन से फिर जाएगा तो (कुछ परवाह नहीं फिर जाए) अनक़रीब ही ख़ुदा ऐसे लोगों को ज़ाहिर कर देगा जिन्हें ख़ुदा दोस्त रखता होगा और वह उसको दोस्त रखते होंगे ईमानदारों के साथ नर्म और मुन्किर (और) काफ़िरों के साथ सख्त ख़ुदा की राह में जेहाद करेंगे और किसी मलामत करने वाले की मलामत की कुछ परवाह न करेंगे ये ख़ुदा का फ़ज़ल (व करम) है वह जिसे चाहता हे देता है और ख़ुदा तो बड़ी गुन्जाइश वाला वाक़िफ़कार है,"Believers! If any of you should ever turn away from your faith, remember that Allah will raise up a people whom He loves, and who love Him; a people humble towards the believers, and firm towards the unbelievers; who will strive hard in the way of Allah and will not fear the reproach of the reproacher. This is the favour of Allah which He grants to whom He wills. Allah is vast in resources, All-Knowing.",Alternatives: <list the other English sentences that are somewhat relevant>
215,215,"फिर उनका कोई फ़िला (उपद्रव) शेष न रहेगा। सिवाय इसके कि वे कहेंगे, ""अपने रब अल्लाह की सौगन्ध! हम बहुदेववादी न थे।""","Then they will have no excuse but to say, ""By God our Lord, we have never been polytheists.""",2
216,216,"सिर्फ एक ही स्टॉप पार हुआ है, शायद कोई आ जाए.",There was just a stop. maybe someone's coming.,2)
217,217,"अल्लाह ने तुम्हें मिट्टी से पैदा किया, फिर वीर्य से, फिर तुम्हें जोड़े-जोड़े बनाया। उसके ज्ञान के बिना न कोई स्त्री गर्भवती होती है और न जन्म देती है। और जो कोई आयु को प्राप्ति करनेवाला आयु को प्राप्त करता है और जो कुछ उसकी आयु में कमी होती है। अनिवार्यतः यह सब एक किताब में लिखा होता है। निश्चय ही यह सब अल्लाह के लिए अत्यन्त सरल है","Allah created you from dust, then from a drop of sperm, then He made you into pairs. No female conceives, nor delivers (a child) except with His knowledge. None is given a long life nor is any diminished in his life but it is written in a Book. Surely that is quite easy for Allah.",2) Whatever exists belongs to God.
218,218,"तीन , दो, एक जाने के लिए,!",SEAN: Yeah.,"2) Five, four, three, two, one, lift off! 1) Ready, set, go! 3) On your mark, get set, go! 4)"
219,219,क्वार्टरबैकवहगेंदकेसाथजारहा है जहांआप बताने वाला,Quarterback's gonna tell you where he's going with the ball.,1) All talk and no action.
220,220,किन्तु उन्होंने उसे झुठला दिया। फिर छायावाले दिन की यातना ने आ लिया। निश्चय ही वह एक बड़े दिन की यातना थी,"But they denied him, and We seized them with the torment of the Day of Shadowing (when the cloud had rained down fire). It was indeed the torment of a terrible day!",1) He was oblivious to her
221,221,निकाला नहीं गया,Extraction not performed,Left undone
222,222,(लोगों) मोहम्मद तुम्हारे मर्दों में से (हक़ीक़तन) किसी के बाप नहीं हैं (फिर जैद की बीवी क्यों हराम होने लगी) बल्कि अल्लाह के रसूल और नबियों की मोहर (यानी ख़त्म करने वाले) हैं और खुदा तो हर चीज़ से खूब वाक़िफ है,"Muhammad is not the father of [any] one of your men, but [he is] the Messenger of Allah and last of the prophets. And ever is Allah, of all things, Knowing.",1) What you think inside will eventually come out.
223,223,%s नियमित फाइल नहीं है,"The value ""%s"" is not part of the enum ""%s""",<select the most relevant English sentence>
224,224,.. हम मौसमी मौसम के ऊपर वास्तव में अच्छा कुछ सामना कर रहे हैं के रूप में,As we are experiencing some really nice above seasonal weather.,We are in a pleasant phase.
225,225,हम बल्लेबाजी के पिंजरे में मिल जाना चाहिए.,We should go get in a batting cage.,"Alternatives: <list the other English sentences that are somewhat relevant>  ##### Best: 2) A good team should have a balance between batting and fielding. Alternatives: 1) The team needs to strike a balance between offense and defense. 3) To be successful, a team must find a balance between offense and defense.  ##### Best: 2) A good team should have a balance between batting and fielding. Alternatives: 1) The team needs to strike a balance between offense and defense. 3) To be successful, a team must find a balance between offense and defense.  ##### Best: 2) A good team should have a balance between batting and fielding. Alternatives: 1) The team needs to strike a balance between offense and defense. 3) To be successful, a team must find a balance between offense and defense.  ##### Best: 2) A good team should have a balance between batting and fielding. Alternatives: 1) The team needs to strike a balance between offense and defense. 3) To be successful, a team must find a balance between offense and defense.  ##### Best: 2) A good team should have a balance between batting and fielding. Alternatives: 1) The team needs to strike a balance between offense and defense. 3) To be successful, a team must find a balance between offense and defense.  ##### Best: 2) A good team should have a balance between batting and fielding. Alternatives: 1) The team needs to strike a balance between offense and defense. 3) To be successful, a team must find a balance between offense and defense.  ##### Best: 2) A good team should have a balance between batting and fielding. Alternatives: 1) The team needs to strike a balance between offense and defense. 3) To be successful, a team must find a balance between offense and defense.  ##### Best: 2) A good team should have a balance between batting and fielding. Alternatives: 1) The team needs to strike a balance between offense and defense. 3) To be successful, a team must find a balance between offense and defense.  ##### Best: 2) A good team should have a balance between batting and fielding. Alternatives: 1) The team needs to strike a balance between offense and defense. 3) To be successful, a team must find a"
226,226,इस वेगास है.,This is Vegas.,1
227,227,तुम ध्यान रखना.,You're the one gonna need to take care.,Pay attention to this. OR
228,228,यदि तुमने कुछ सेल्समैन के लिए गिग परफ़ॉर्म किया है...,"If you played a gig for striking double-glazing salesmen,",3) If you've ever had to do a street performance for tips.  (answer)
229,229,"और समूद की ओर उनके भाई सालेह को भेजा। उसने कहा, ""ऐ मेरी क़ौम के लोगो! अल्लाह की बन्दगी करो। उसके अतिरिक्त तुम्हारा कोई पूज्य नहीं। तुम्हारे पास तुम्हारे रब की ओर से एक स्पष्ट प्रमाण आ चुका है। यह अल्लाह की ऊँटनी तुम्हारे लिए एक निशानी है। अतः इसे छोड़ दो कि अल्लाह की धरती में खाए। और तकलीफ़ पहुँचाने के लिए इसे हाथ न लगाना, अन्यथा तुम्हें एक दुखद यातना आ लेगी।-","And to (the tribe of) Thamud (We sent) their brother Salih. He said: O my people! Serve Allah. Ye have no other Allah save Him. A wonder from your Lord hath come unto you. Lo! this is the camel of Allah, a token unto you; so let her feed in Allah's earth, and touch her not with hurt lest painful torment seize you.","4) He sent his brother Salih to the people of Thamud, saying, ""O my people, worship Allah alone, and do not associate anything with Him. This is a clear proof from your Lord, and the camel is a sign for you. Leave it to graze in Allah's land and do not harm it, lest you suffer a painful punishment.""  (answer)"
230,230,छवि (I) Image/ Selection Menu caption - make sure that translation has the same accel as the & Image translation,& Image,A menu with options to choose from.
231,231,अगला पिछला संदेश,Next/Previous Message,Others: <list the other similar English sentences>
232,232,फ़ोल्डर विलोपित नहीं कर सकता है: %s:कोई ऐसा फ़ोल्डर नहीं,Cannot delete folder: %s: No such folder,4) The folder cannot be deleted as it does not exist.
233,233,उसने अपने माथे से पसीना पोंछा।,He wiped the sweat from his forehead.,2
234,234,उसकी नेअमत का शुक्र अदा किया करो तुम पर उसने मुरदार और खून और सूअर का गोश्त और वह जानवर जिस पर (ज़बाह के वक्त) ख़ुदा के सिवा (किसी) और का नाम लिया जाए हराम किया है फिर जो शख़्श (मारे भूक के) मजबूर हो ख़ुदा से सरतापी (नाफरमानी) करने वाला हो और न (हद ज़रुरत से) बढ़ने वाला हो और (हराम खाए) तो बेशक ख़ुदा बख्शने वाला मेहरबान है,"He has forbidden you carrion, and blood, and the flesh of swine, and anything consecrated to other than God. But if anyone is compelled by necessity, without being deliberate or malicious, then God is Forgiving and Merciful.","Be thankful for the blessings you have received, and do not take them for granted, for Allah has forbidden the consumption of carrion, swine, and animals that are sacrificed to other than Him. If you are forced to eat them due to extreme hunger, then know that Allah is the Most Merciful and Forgiving."
235,235,रबातusa. kgm,Rabak,2) A person who is trying to be something they are not.
236,236,ऑनलाइन कार्य करें (_W),_Work Online,1) Don't look a gift horse in the mouth
237,237,हैइसआदमीकोस्वच्छ,Is this guy clean?,He is a paragon of cleanliness.
238,238,"मैंने दर्ज किया कमांड कुंजी , अपने अधिकार पलट है इस जहाज को अपने नियंत्रण में अब है.","The command key I have entered is revoking your authority, this ship is now under my control.",I've taken control of the ship by reversing my position.
239,239,मैं उन्हें कुछ बताना होगा.,I gotta tell 'em something.,1) I have to break the news to them.  OR
240,240,अपरिचित डेस्कटॉप फ़ाइल संस्करण '%s',Unrecognized desktop file Version '%s',Unknown desktop file version '%s
241,241,- 19 साल ...,- 19 years...,2
242,242,मैं सिर्फ वेगास में रह सकता है.,I might just stay in Vegas.,1
243,243,उन्होंने मुझे बताया था कि नाजियों के साथ शामिल मत होना.,They told me not to get involved with the Nazis.,He warned me not to associate with the Nazis.
244,244,ऐ ईमानदारों अगर तुम्हारे माँ बाप और तुम्हारे (बहन) भाई ईमान के मुक़ाबले कुफ़्र को तरजीह देते हो तो तुम उनको (अपना) ख़ैर ख्वाह (हमदर्द) न समझो और तुममें जो शख़्स उनसे उलफ़त रखेगा तो यही लोग ज़ालिम है,"O you who have believed, do not take your fathers or your brothers as allies if they have preferred disbelief over belief. And whoever does so among you - then it is those who are the wrongdoers.",You shouldn't consider those who prioritize dishonesty over honesty as your well-wishers.
245,245,"मुझे पता है, लेकिन आप इस गर्मी में 19 हो जाएगा... ... और लड़कियों को पहले से ही आप उन्हें पसंद नहीं है.","L know, but you will be 19 this summer and the girls already say you don't like them.",2) No job is easy.
246,246,आसानी से दो दर्जन से अधिक वयस्कों सोता है.,Easily sleeps two dozen adults.,```python
247,247,(बिखरेहंसी),(SCATTERED LAUGHTER),Note: The output should be a single sentence.  |  Best: 2) A sense of disarray and confusion.  |  Best: 2) A sense of disarray and confusion.  |  Best: 2) A sense of disarray and confusion.  |  Best: 2) A sense of disarray and confusion.  |  Best: 2) A sense of disarray and confusion.  |  Best: 2) A sense of disarray and confusion.  |  Best: 2) A sense of disarray and confusion.  |  Best: 2) A sense of disarray and confusion.  |  Best: 2) A sense of disarray and confusion.  |  Best: 2) A sense of disarray and confusion.  |  Best: 2) A sense of disarray and confusion.  |  Best: 2) A sense of disarray and confusion.  |  Best: 2) A sense of disarray and confusion.  |  Best: 2) A sense of disarray and confusion.  |  Best: 2) A sense of disarray and confusion.  |  Best: 2) A sense of disarray and confusion.  |  Best: 2) A sense of disarray and confusion.  |  Best: 2) A sense of disarray and confusion.  |  Best: 2) A sense of disarray and confusion.  |  Best: 2) A sense of disarray and confusion.  |  Best: 2) A sense of disarray and confusion.  |  Best: 2) A sense of disarray and confusion.  |  Best: 2) A sense of disarray and confusion.  |  Best: 2) A sense of disarray and confusion.  |  Best: 2) A sense of disarray and confusion.  |  Best: 2) A sense of disarray and confusion.  |  Best: 2) A sense of disarray and confusion.  |  Best: 2) A sense of disarray and confusion.  |  Best: 2) A sense of disarray and confusion.  |  Best: 2) A sense of disarray and confusion.  |  Best: 2) A sense of disarray and confusion.  |  Best:
248,248,उसे हाथ की हड्डियाँ तोड़ने में मज़ा आता है,She likes cracking bones.,Note: The Hindi sentence is an idiom and the translation should be in the sense of the idiom.
249,249,मैं एक कप चाय लूंगी.,I would love a cup of tea.,I will take a day off.
250,250,क्या मुझे सबसे ज्यादा परेशान मेरे फैसले के प्रति सम्मान की अपनी कमी नहीं है.,What disturbs me most is not your lack of respect for my judgment.,"1) If someone can't express their true feelings, how can they express their thoughts?"
251,251,शुक्रwind direction - wind speed is too low to measure,Fri,1) The wind is blowing so gently that it's hard to tell its direction.
252,252,और जब किसी पर हाथ डालते हो तो बिलकुल निर्दय अत्याचारी बनकर हाथ डालते हो!,"and when you seize [someone for punishment], you seize [him] like tyrants.",<select the most relevant English sentence>
253,253,इस फ्रेम पर नज़र डालना.,Take a look at this frame.,Take a closer look at it. OR
254,254,"मैं अपने कार्यालय में होगा, प्रिय.","I will be in my office, darling.","I'll be at the office, sweetheart."
255,255,मंगलवार,Tuesday,2) The day of the week associated with Mars.
256,256,"चालक याकूब और सिपाही अरविंद, रविंद्र व रामनरेश घायल हो गए।","The driver Yakub and constable Arvind, Ravindra and Ram Naresh were injured.",Alternatives: <list the other relevant English sentences>
257,257,Cogl संरचना,Cogl Texture,A house of cards can still stand for a while.
258,258,photo;video;webcam;,photo;video;webcam;,Stage-1 output (definition + candidates): <show the definition and the three candidates>
259,259,और नूह के बाद से (उस वक्त तक) हमने कितनी उम्मतों को हलाक कर मारा और (ऐ रसूल) तुम्हारा परवरदिगार अपने बन्दों के गुनाहों को जानने और देखने के लिए काफी है,"And how many have We destroyed from the generations after Noah. And sufficient is your Lord, concerning the sins of His servants, as Acquainted and Seeing.",Alternatives: <list the other similar English sentences>
260,260,संपर्क विवरण,Contact Details,Stage-1 output (definition + candidates):
261,261,यह विकल्प - I diff से संबंधित है.,This option corresponds to the -N diff option.,```
262,262,अज्ञात,Unknown,2) It's not worth anything.
263,263,फिर जमा करें (_R),_Restore,To sell an animal in the market.
264,264,"धूपपक्षपर रखें,हमेशाधूपओर","Keep on the sunny side, always on the sunny side",Definition: <provide a brief definition of the Hindi sentence>
265,265,- उससे पूछो क्या हुआ.,- Ask him what happened.,Stage-1 output (definition + candidates):
266,266,"लेकिन आप उन्हें प्रयोग महल पिघल और शहरों में जला है, आप अलग अलग नहीं कर रहे हैं।","But if you use them to melt castles and burn cities, you're not different.","You're setting the world ablaze, but you're not making distinctions.  # Output"
267,267,Landover पार्क.,Landover Park.,3) A resort in the mountains.
268,268,"सच में, अनातोलिज, कृपया हमें बतांए.","Really, Anatolij, please tell us.",1) You can't praise a thief. Answer: Best: 1) You can't praise a thief.
269,269,फ़ाइल वैध .desktop फ़ाइल नहीं है,File is not a valid .desktop file,2) The application launcher file is faulty.
270,270,"अतः आपसे गुजारिश है कि टिप्पणी में अवश्य बताएँ और फिर हम निश्चित रूप से 12 अक्तूबर को यह देखेंगे कि उस दिन (और अन्य किसी भी दिन,) आपने पर्यावरण पर अपने क्या विचार व्यक्त किए .","We at GV would love to see your posts on that day too, so do feel free to leave a comment and we will definitely check with you on October 12th to cover what you say on that day (and any day) about the environment.",Alternatives: <list the other two English sentences if they are relevant>
271,271,और उनकी पोशीदा भी फ़हमाईश की कि मैंने उनसे कहा,Then I announced to them and [also] confided to them secretly,<select the most relevant English sentence>
272,272,ये लोग जो बातें (खुदा के बारे में) बनाया करते हैं उनसे तुम्हारा परवरदिगार इज्ज़त का मालिक पाक साफ है,Glory be to your Lord: the Lord of Glory is far above what they attribute to Him.,3) God is far greater than their comprehension. 4)  # Corrected output
273,273,और सजदा करनेवालों में तुम्हारे चलत-फिरत को भी वह देखता है,And your movements among those who bow in homage to God.,He keeps a close eye on everything you do.  #HindiToEnglish #Translation #LinguisticResearch
274,274,तुम मुझे उस से पूछने के लिए कौन हैं?,Who are you to ask me that?,<select the most relevant English sentence>
275,275,"- (क्लिक करता है, धुनों)","- ( clicks, tunes )",<select the most relevant English sentence>
276,276,पंजी ताजा करें (_R),_Refresh Registry,2) Refresh your memory.
277,277,टक्स को बेतरतीब विस्फोटित होने देता है.,Enables random Tux explosions.,Let the taxman have his way.
278,278,यह व्यापार उसे मार रहा है.,This business is killing him.,Note: The Hindi sentence is an idiom and the English sentences are not direct translations but similar in meaning. The context and cultural nuances are maintained.
279,279,यह भावनाओं से काम नहीं करता.,It does not work with our feelings.,1) It's all in the mind.
280,280,एक कुल जहाँ पुरुष 100 को मार कर मरता है.,A clan where a man dies only after killing 100 men.,"Alternatives: <list the other English sentences that are somewhat relevant, but not the best match>"
281,281,"वे, आप के पीछे आराम करेंगे ठोकर होगा, वे गिर जाएगी.",They'll race behind you. They will stumble. They will fall.,Those who are careless will face the consequences.  |  Best: Those who are careless will face the consequences.  |  Best: Those who are careless will face the consequences.  |  Best: Those who are careless will face the consequences.  |  Best: Those who are careless will face the consequences.  |  Best: Those who are careless will face the consequences.  |  Best: Those who are careless will face the consequences.  |  Best: Those who are careless will face the consequences.  |  Best: Those who are careless will face the consequences.  |  Best: Those who are careless will face the consequences.  |  Best: Those who are careless will face the consequences.  |  Best: Those who are careless will face the consequences.  |  Best: Those who are careless will face the consequences.  |  Best: Those who are careless will face the consequences.  |  Best: Those who are careless will face the consequences.  |  Best: Those who are careless will face the consequences.  |  Best: Those who are careless will face the consequences.  |  Best: Those who are careless will face the consequences.  |  Best: Those who are careless will face the consequences.  |  Best: Those who are careless will face the consequences.  |  Best: Those who are careless will face the consequences.  |  Best: Those who are careless will face the consequences.  |  Best: Those who are careless will face the consequences.  |  Best: Those who are careless will face the consequences.  |  Best: Those who are careless will face the consequences.  |  Best: Those who are careless will face the consequences.  |  Best: Those who are careless will face the consequences.  |  Best: Those who are careless will face the consequences.  |  Best: Those who are careless will face the consequences.  |  Best: Those who are careless will face the consequences.  |  Best: Those who are careless will face the consequences.  |  Best: Those who are careless will face the consequences.  |  Best: Those who are careless will face the consequences.  |  Best: Those who are careless will face the consequences.  |  Best: Those who are careless will face the consequences.  |  Best: Those who are careless will face the consequences.  |
282,282,©पी@RM nder एम@nkÖÖ ,© P@rM! NdeR M@nkÖÖ ™,2
283,283,किसी ने एक आदेश दायर किया है.,Somebody has filed an injunction.,A directive has been put out.
284,284,"अभी नहीं, अभी एक और बाकीं है.","Not yet, there's still one more.",1
285,285,उनमें वे सदैव रहेंगे। निस्संदेह अल्लाह के पास बड़ा बदला है,Which they will enjoy for ever. Indeed God has greater rewards with Him.,<select the most relevant English sentence>
286,286,एवोल्यूशन बैकअप फ़ाइल का नाम चुनें,Select name of the Evolution backup file,Select the name of the evolution backup file.
287,287,"-क्रेन, मैंटिस?","-Crane, Mantis?",1) Are you kidding me?
288,288,"हाँ, अच्छी तरह से आप मछलीघर चट्टानों की तरह बू आ रही है.","Yeah, well you smell like aquarium rocks.",2
289,289,मैंने नदी में छलाँग लगाकर डुबकी ली।,I dived into the river.,1) I jumped into the river.
290,290,%s min,%s min,3) Just a minute.  # Correct answer
291,291,लिंक को पृष्ठ यदि.,An link to the project web page if provided.,1. <candidate 1>
292,292,कल %l:%M:%S %p,Tomorrow %l:%M:%S %p,What was the time yesterday?
293,293,वर्तमान कॉल हस्तांतरित करें,Transfer the current call,1) The call is being handed over.
294,294,कार्य साप्ताहिक दृश्य: %s. %s,Work Week View: %s. %s,```python
295,295,"केवल आम लोगों को वे सबसे अधिक कुछ भी विश्वास के रूप में , इन कहानियों का मानना ​​है.","Only common people believe these tales, as they believe most anything.",1) They take these stories at face value.  (Score: 0.86)
296,296,इससे लोगों को गर्मी के दिनों में ठंडा पानी मिल सकेगा।,"Using this, people can get cold water in the summer.",3) It's not necessary to do whatever it takes to win.
297,297,उनमें से cIear खींच रहे हैं.,We're pulling clear of them.,They are deceiving us with false information.
298,298,चार्ट,chart,A visual representation of data or information. OR 1) A visual representation of data or information. OR 1) A visual representation of data or information. OR 1) A visual representation of data or information. OR 1) A visual representation of data or information. OR 1) A visual representation of data or information. OR 1) A visual representation of data or information. OR 1) A visual representation of data or information. OR 1) A visual representation of data or information. OR 1) A visual representation of data or information. OR 1) A visual representation of data or information. OR 1) A visual representation of data or information. OR 1) A visual representation of data or information. OR 1) A visual representation of data or information. OR 1) A visual representation of data or information. OR 1) A visual representation of data or information. OR 1) A visual representation of data or information. OR 1) A visual representation of data or information. OR 1) A visual representation of data or information. OR 1) A visual representation of data or information. OR 1) A visual representation of data or information. OR 1) A visual representation of data or information. OR 1) A visual representation of data or information. OR 1) A visual representation of data or information. OR 1) A visual representation of data or information. OR 1) A visual representation of data or information. OR 1) A visual representation of data or information. OR 1) A visual representation of data or information. OR 1) A visual representation of data or information. OR 1) A visual representation of data or information. OR 1) A visual representation of data or information. OR 1) A visual representation of data or information. OR 1) A visual representation of data or information. OR 1) A visual representation of data or information. OR 1) A visual representation of data or information. OR 1) A visual representation of data or information. OR 1) A visual representation of data or information. OR 1) A visual representation of data or information. OR 1) A visual representation of data or information. OR 1) A visual representation of data or information. OR 1) A visual representation of data or information. OR
299,299,संपर्क कनेक्टेड,Contact connected,1) Keeping in touch with someone.
300,300,उपलब्ध क्षेत्र (_v):,A_vailable Fields:,The time available.
301,301,उनका हाल उन लोगों का सा है जो उनसे कुछ ही पेशतर अपने कामों की सज़ा का मज़ा चख चुके हैं और उनके लिए दर्दनाक अज़ाब है,"Like those who lately preceded them, they have tasted the evil result of their conduct; and (in the Hereafter there is) for them a grievous Penalty;-",1) They have already tasted the bitter fruit of their actions.
302,302,फ़ोल्डर आकार (_S),Folder _Size,A binder is a container that holds papers and documents.
303,303,कि सिर्फ एंटोन बिना ही दिखा रहा था!,"That was the same show, just without Anton!",Anton was pretending to be someone he is not.
304,304,कैमरून नाइल्स 'बेटा है.,Cameron is Niles' son.,"For some people, it's a good day."
305,305,"""और निस्संदेह अल्लाह मेरा रब भी है और तुम्हारा रब भी। अतः तुम उसी की बन्दगी करो यही सीधा मार्ग है।""","(Jesus had said): ""Indeed Allah is my Lord and your Lord, so serve Him alone. This is the Straight Way.""",Stage-1 output: <definition + candidates>
306,306,वे सांसारिक जीवन के केवल वाह्य रूप को जानते है। किन्तु आख़िरत की ओर से वे बिलकुल असावधान है,"They know the outward of this world's life, but of the hereafter they are absolutely heedless.",Alternatives: <list the other English sentences that are somewhat relevant>
307,307,और वही तो वह (ख़ुदा) है जिसने पानी (मनी) से आदमी को पैदा किया फिर उसको ख़ानदान और सुसराल वाला बनाया और (ऐ रसूल) तुम्हारा परवरदिगार हर चीज़ पर क़ादिर है,"And it is He Who has created man from water, and has appointed for him kindred by blood, and kindred by marriage. And your Lord is Ever All-Powerful to do what He will.","The one who created man from water and made him a family man is the same one who is your Lord, who has the power to do anything.  OR"
308,308,आपने देखा:,You saw it:,1) It was meant to be.
309,309,बस मुझे बताओ कि क्या उसके पास चाकू था.,Just tell me if he had a knife.,Optional: <list of additional relevant English sentences>
310,310,आउटलुक एक्सप्रेस आंकड़ा आयात कर रहा है,Importing Outlook Express data,The situation is grim.
311,311,"और जो कोई अपने ऊपर ज़ु्ल्म होने के पश्चात बदला ले ले, तो ऐसे लोगों पर कोई इलज़ाम नहीं",There is no blame against him who avenges himself after he has been wronged.,1) An eye for an eye makes the whole world blind.
312,312,"उनके आगे जहन्नम है, जो उन्होंने कमाया वह उनके कुछ काम न आएगा और न यही कि उन्होंने अल्लाह को छोड़कर अपने संरक्षक ठहरा रखे है। उनके लिए तो बड़ी यातना है","Before them is Hell; naught will avail them of that which they earned, nor those whom they took for patrons beside Allah. Theirs shall be a torment mighty.","1) Their greatest foe is their own tongue, which often betrays them."
313,313,कोई घर नहीं...,No home...,1) I'm drowning in despair.
314,314,फंक्शन पाया इंच अनुसरण कर रहा है फ़ाइल नहीं से. को भरें फंक्शन स्तम्भ पहले सक्रिय कर रहा है पंक्तियाँ का समय फंक्शन नाम रखता है शब्द.,"The register function hasn't been found automatically in the following pretty printer files: %s You need to fill yourself the register function columns before enabling the rows. Most of the time the register function name contains the word ""register"".","1) The program is crashing because it can't find the required library, so the execution is halted."
315,315,हम ऊतकों से पेट पैक करते हैं और उसे अच्छी तरह से जांच करते हैं.,We'll pack the abdomen with tissues and examine him thoroughly.,```
316,316,लघु छवि,Thumbnail,1) Snap a quick photo.
317,317,और (क़ौम) सबा के लिए तो यक़ीनन ख़ुद उन्हीं के घरों में (कुदरते खुदा की) एक बड़ी निशानी थी कि उनके शहर के दोनों तरफ दाहिने बाएं (हरे-भरे) बाग़ात थे (और उनको हुक्म था) कि अपने परवरदिगार की दी हुई रोज़ी Âाओ (पियो) और उसका शुक्र अदा करो (दुनिया में) ऐसा पाकीज़ा शहर और (आख़ेरत में) परवरदिगार सा बख्शने वाला,"There was evidence (of the truth) for the people of Sheba in their homeland. (We gave them) two gardens, one on the left and one on the right and (told them), ""Consume the sustenance which your Lord has given to you and give Him thanks. You have a blessed land and an All-forgiving Lord"".",Stage-1 output (definition + candidates): <definition + candidates>
318,318,आश्चर्यजनक रूप से यह टीवी प्रधान घटना रही चूंकि गिरफ़्तारी का समाचार पहले ही लीक हो गया था और मीडिया के लोग समाचार को कवर करने के लिए खालिदा जिया के घर की ओर जा रही सुरक्षा दस्ते के पीछे हो लिये थे.,It was surprisingly a televised event as the news of the arrest was leaked and the media people were trailing the security forces convoy rolling to her house.,Alternatives: <list the other English sentences that are somewhat relevant>
319,319,ड्रोन इस संभाल लेंगे.,The drones will handle this.,2) Nothing has changed.
320,320,पसंदीदा फ़ोल्डर में डाक देखें,Messages,2) Look for new emails in your favorite folder.
321,321,आप इस शाम को हमारे साथ एक आरक्षण है?,Do you have a reservation with us this evening?,Stage-1: <definition + candidates>
322,322,अलगानेवाला,Separator,A person who can tell the difference between two similar things.
323,323,जोखिम उठाइये! पूरी जिंदगी एक जोखिम है।,Take a chance! All life is a chance.,Life is a risk all the way.
324,324,- वे मेरी पीठ पीछे मुझे दोष!,- They blame me behind my back!,3) My friend told me that this job is not within my capacity.
325,325,हम कभी आत्मसमर्पण नहीं कर सकते हैं.,The Führer would never approve. We swore to obey his will.,1) We will never give up.
326,326,'%s' पंचांग में मुलाकात मिली.,Found the appointment in the calendar '%s',1) We met at the appointed time.
327,327,'%s' में संदेश नक़ल कर रहा है,Copying messages to '%s',```
328,328,पता नहीं कहाँ,Don't know where,The final answer is: Best: 1) I am completely disoriented.
329,329,वैज्ञानिक,Scientific,2
330,330,"फ़िलहाल, यात्रियों को विमान का द्वार बंद होने पर अपने स्मार्टफोन, टेब्लेट, तथा अन्य डिवाइस को बंद करने की आवश्यकता होती है।","Currently, passengers are required to turn off their smartphones, tablets and other devices once a plane's door closes.","2) When the plane is about to take off, passengers are required to put their electronic devices in airplane mode."
331,331,और वह राक्षस से जुड़ा हुआ।,And linked to that monster.,2) Connected to a dark force.
332,332,मगर ये कुफ्फ़ार तो सरकशी और नफ़रत (के भँवर) में फँसे हुए हैं भला जो शख़्श औंधे मुँह के बाल चले वह ज्यादा हिदायत याफ्ता होगा,"Or who is this that shall provide for you if He withholds His provision? No, but they persist in disdain and aversion.",2) Those who are consumed by their own pride and hatred are rarely open to constructive criticism.
333,333,"सब कुछ इतनी अराजक, है और अब मैं मुसीबत में हूँ.","Everything is so chaotic, and now I'm in trouble.","2) With everything in such a state of chaos, I'm in a bit of a predicament."
334,334,तंज़ानिया: तंज़ानियाई खोज इंजन,Tanzania: Tanzanian search engine · Global Voices,To bully someone into playing with you.
335,335,ठीक गड़बड़ी वहां है जहाँ अगली सुबह सफाई वाली महिला आती है ...,"Well, where I get hazy is where the cleaning woman shows up the following morning and finds your wife in bed with her lover, riddled with?",Stage-1 output: <definition + candidates>
336,336,"फिर हर प्रकार के फल-फूलों से ख़ुराक ले और अपने रब के समतम मार्गों पर चलती रह।"" उसके पेट से विभिन्न रंग का एक पेय निकलता है, जिसमें लोगों के लिए आरोग्य है। निश्चय ही सोच-विचार करनेवाले लोगों के लिए इसमें एक बड़ी निशानी है","""Then, eat of all fruits, and follow the ways of your Lord made easy (for you)."" There comes forth from their bellies, a drink of varying colour wherein is healing for men. Verily, in this is indeed a sign for people who think.","10) Seek nourishment from all kinds of fruits and flowers and walk the path of your Lord, and from it will come a drink of life that is beneficial to all."
337,337,"अल्लाह कि उसके सिवा कोई इष्ट -पूज्य नहीं, वह महान सिंहासन का रब है।""","God: there is no god but He, the Lord of the Mighty Throne.'",Stage-1 output: <definition + candidates>
338,338,"वह (बुरा परिणाम) तो इसलिए सामने आएगा कि जब अकेला अल्लाह को पुकारा जाता है तो तुम इनकार करते हो। किन्तु यदि उसके साथ साझी ठहराया जाए तो तुम मान लेते हो। तो अब फ़ैसला तो अल्लाह ही के हाथ में है, जो सर्वोच्च बड़ा महान है। -","This has come upon you because when God alone was invoked you disbelieved; but when partners were associated with Him, you believed. But judgement belongs to God, the all-high and supreme.",Alternatives: <list the other relevant English sentences>
339,339,टॉगल करें कि क्या RSVP श्रेत्र दिखाया गया है,Toggles whether the RSVP field is displayed,1) Have you sorted your emails?
340,340,"- आप को जनरल Nearchus, लड़का.","- General Nearchus to you, boy.","Explanation: <optional, provide a brief explanation for the selected sentence>"
341,341,कुत्ते को रोज़ खिलाईएगा।,Please feed the dog every day.,3
342,342,मैं अपने हाथों पर ऐसी कोई खून है.,I have no such blood on my hands.,"2) The more you read, the more you learn."
343,343,पिछला (_P),_Previous,3) The one that has already passed.  (edited)
344,344,आप में से हर तुरंत उसके परमाणु कोठरी से बाहर साफ हो जाएगा.,Each of you will clear out his nuclear closet immediately.,2) He will be utterly destroyed.  # Corrected the answer from 3 to 2
345,345,"भली-भाँति अवतरित हुआ है उस सत्ता की ओर से, जिसने पैदा किया है धरती और उच्च आकाशों को",a revelation from Him Who created the earth and the high heavens.,<select the most relevant English sentence>
346,346,पोर्ट (_P):,_Port:,2) A place where ships come to load and unload goods.
347,347,(ज़ोर बूम),(LOUD BOOM),1) The news of the company's success sent shockwaves through the market.
348,348,काल विभाजन (_T):,_Time divisions:,3
349,349,हाल के दिनों में हुई यह सातवीं घटना है।,This is the seventh incident in the past few days.,He is a person who always tries to do something new.
350,350,वे अच्छी तरह से प्रशिक्षित हैं और वे अच्छी तरह से आयोजित कर रहे हैं.,They're well-trained and they're well-organized.,They are well-trained and are doing well in organizing.
351,351,ऐ ईमानदारों तुममें से जो कोई अपने दीन से फिर जाएगा तो (कुछ परवाह नहीं फिर जाए) अनक़रीब ही ख़ुदा ऐसे लोगों को ज़ाहिर कर देगा जिन्हें ख़ुदा दोस्त रखता होगा और वह उसको दोस्त रखते होंगे ईमानदारों के साथ नर्म और मुन्किर (और) काफ़िरों के साथ सख्त ख़ुदा की राह में जेहाद करेंगे और किसी मलामत करने वाले की मलामत की कुछ परवाह न करेंगे ये ख़ुदा का फ़ज़ल (व करम) है वह जिसे चाहता हे देता है और ख़ुदा तो बड़ी गुन्जाइश वाला वाक़िफ़कार है,"O you who have faith! Should any of you desert his religion, Allah will soon bring a people whom He loves and who love Him, [who will be] humble towards the faithful, stern towards the faithless, waging jihad in the way of Allah, not fearing the blame of any blamer. That is Allah’s grace, which He grants to whomever He wishes, and Allah is all-bounteous, all-knowing.",4
352,352,ये हमारी पहुँच के बाहर है अब सब कुछ तुमाहरे ऊपर है,We can't afford it. It's up to you,Candidates: <list the other two relevant English sentences>
353,353,मैं काफी आप कुछ दिखाने के लिए रोमांचक हूँ,I am quite exciting to show you something,Alternatives: <list the other English sentences in order of relevance>
354,354,मैं आप अधिक जिम्मेदारी लेनी चाहिए.,I THINK YOU SHOULD TAKE MORE RESPONSIBILITY.,Please provide the output for the given Hindi sentence.
355,355,कोई संपर्क नहीं,No contacts,Others: <list the other two options>
356,356,ग्नोम पंचांग से पंचांग को आयात किया गया,Gnome Calendar's calendar import done,"Stage-2 output (if required): <if the model is unsure, provide the top 3 options with confidence scores>"
357,357,[बच्चे गपशप करते हैं],[children chattering],1) It doesn't matter.
358,358,इन्हें अस्पताल ले चलो.,Let's take him to the hospital.,Stage-2: <optional: provide a brief explanation or justification for the selected English sentence>
359,359,उन लोगों ने अपन बाप दादा को गुमराह पाया था,Verily they found their fathers gone astray.,1) Do you have anything to say?
360,360,"जब तुम पलटकर उनके पास जाओगे तो वे तुम्हारे सामने अल्लाह की क़समें खाएँगे, ताकि तुम उन्हें उनकी हालत पर छोड़ दो। तो तुम उन्हें छोड़ ही दो। निश्चय ही वे गन्दगी है और उनका ठिकाना जहन्नम है। जो कुछ वे कमाते रहे है, यह उसी का बदला है","When you return, they will swear to you by God so that you may leave them alone, so leave them alone. They are unclean, and Hell will be their home as a reward for their actions --","2) The dirt they have accumulated is their own, and their destination is hell."
361,361,लाओ त्से.,Lao-Tsé.,2) Come closer.
362,362,हम समय से बाहर हैं.,Tell them we need more time!,2) We have run out of time.
363,363,"मूसा ने कहा, ""क्या तुम सत्य के विषय में ऐसा कहते हो, जबकि यह तुम्हारे सामने आ गया है? क्या यह कोई जादू है? जादूगर तो सफल नहीं हुआ करते।""",Moses said: Speak ye (so) of the Truth when it hath come unto you? Is this magic? Now magicians thrive not.,Alternatives: <list the other English sentences that are somewhat relevant>
364,364,एक रानी जो अपनी रक्षा नहीं कर सकती वो कैसे इस साम्राज्य पर शासन करेगी महाराजा?,"How can a queen who can't defend herself rule this kingdom, King?",1)
365,365,"नूह ने अपने रब को पुकारा और कहा, ""मेरे रब! मेरा बेटा मेरे घरवालों में से है और निस्संदेह तेरा वादा सच्चा है और तू सबसे बड़ा हाकिम भी है।""",And Noah cried unto his Lord and said: My Lord! Lo! my son is of my household! Surely Thy promise is the truth and Thou are the Most Just of Judges.,"I will call out to my God, no matter what happens."
366,366,इसका मेरे नाम.,Its my name.,This is my name.
367,367,या उन्होंने आकाशों और धरती को पैदा किया?,Created they the heavens and the earth! Aye! they will not be convinced.,Candidates:
368,368,मेरी तरफ से यही.,That's all from me.,That's all I can do
369,369,"और जिन लोगों ने उससे हटकर अपने कुछ दूसरे संरक्षक बना रखे हैं, अल्लाह उनपर निगरानी रखे हुए है। तुम उनके कोई ज़िम्मेदार नहीं हो","God is the guardian of even those who have chosen others (idols) besides Him as their guardians (Muhammad), you will not have to answer for them.",Alternatives: <list the other relevant English sentences>
370,370,[कार सींग हार्न],[ CAR HORNS HONK ],Someone who is always in a rush.
371,371,अनुप्रयोग अब मौजूद नहीं है,The application no longer exists,2) The program is no longer supported
372,372,मैंने कहा था कि.,"Fuck this tiger. Oh, my God.",Next best: <select the next relevant English sentence>
373,373,- हाँ.,- Yes.,1) I agree.
374,374,सभी मैं कभी भी चाहते थे आप की रक्षा के लिए था!,All I ever wanted was to protect you!,I've always had your back.  | | | | | | | | | | | | | | | | | | | | | | | | | | | | | | | | | | | | | | | | | | | | | | | | | | | | | | | | | | | | | | | | | | | | | | | | | | | | | | | | | | | | | | | | | | | | | | | | | | | | | | | | | | | | | | | | | | | | | | | | | | | | | | | | | | | | | | | | | | | | | | | | | | | | | | | | | | |
375,375,"और हमने उसे तुम्हारे लिए एक परिधान (बनाने) की शिल्प-कला भी सिखाई थी, ताकि युद्ध में वह तुम्हारी रक्षा करे। फिर क्या तुम आभार मानते हो?",And We taught him the fashioning of coats of armor to protect you from your [enemy in] battle. So will you then be grateful?,3
376,376,'%s' फ़ोल्डर स्कैन नहीं कर सकता है: %s,Could not scan folder '%s': %s,<select the most relevant English sentence>
377,377,स्थान (तिथि) पर,Location at (date),1) At the opportune moment.
378,378,"/ नहीं, मैं अच्छा है कि के साथ नहीं हूँ.","/ No, I'm not good with that.",2
379,379,"हम काम करते हैं , हम दो या तीन वर्षों में, सूखे में हैं.","If we do the job , we are on the dry in two or three years.",We are barely scraping by.  |  We are living on a shoestring budget.  |  We are in a tight financial spot.  |  We are in a tight financial situation.  |  We are in a tight financial corner.  |  We are in a tight financial bind.  |  We are in a tight financial squeeze.  |  We are in a tight financial pinch.  |  We are in a tight financial predicament.  |  We are in a tight financial jam.  |  We are in a tight financial fix.  |  We are in a tight financial hole.  |  We are in a tight financial knot.  |  We are in a tight financial mess.  |  We are in a tight financial quagmire.  |  We are in a tight financial quicksand.  |  We are in a tight financial trap.  |  We are in a tight financial web.  |  We are in a tight financial snare.  |  We are in a tight financial net.  |  We are in a tight financial cage.  |  We are in a tight financial prison.  |  We are in a tight financial dungeon.  |  We are in a tight financial labyrinth.  |  We are in a tight financial maze.  |  We are in a tight financial puzzle.  |  We are in a tight financial enigma.  |  We are in a tight financial riddle.  |  We are in a tight financial mystery.  |  We are in a tight financial conundrum.  |  We are in a tight financial dilemma.  |  We are in a tight financial predicament.  |  We are in a tight financial bind.  |  We are in a tight financial squeeze.  |  We are in a tight financial pinch.  |  We are in a tight financial jam.  |  We are in a tight financial fix.  |  We are in a tight financial hole.  |  We are in a tight financial knot.  |  We are in a tight financial mess.  |  We are in a tight financial quagmire.  |  We are in a tight financial quicksand.  |  We are in a tight financial trap.  |  We are in a tight financial web.  |  We are in a
380,380,फिर हमने तुम्हें इस मामलें में एक खुले मार्ग (शरीअत) पर कर दिया। अतः तुम उसी पर चलो और उन लोगों की इच्छाओं का अनुपालन न करना जो जानते नहीं,"Then We set you upon a pathway of faith, so follow it, and do not follow the inclinations of those who do not know.","We have given you a clear path in this matter, so follow it and do not follow the wishes of those who do not know."
381,381,/clear: मौजूदा वार्तालाप से सभी संदेशों को रिक्त करें,/clear: clear all messages from the current conversation,4) <english sentence> (if you can find more)
382,382,परिवर्तन को छोड़ें (_D),_Discard Changes,<select the most relevant English sentence>
383,383,ईमेल पता टाइप करें या निम्न सूची में संपर्क लाएँ (_T):,_Type an email address or drag a contact into the list below:,<select the most relevant English sentence>
384,384,एल्लिप्साइज,Ellipsize,1
385,385,"जब उसे हमारी आयतें सुनाई जाती हैं तो वह स्वयं को बड़ा समझता हुआ पीठ फेरकर चल देता है, मानो उसने उन्हें सुना ही नहीं, मानो उसके काम बहरे है। अच्छा तो उसे एक दुखद यातना की शुभ सूचना दे दो","And when our verses are recited to him, he turns away arrogantly as if he had not heard them, as if there was in his ears deafness. So give him tidings of a painful punishment.",Optional: <select the most relevant English sentence>  (if there is an optional sentence)
386,386,सॉ सेरिफ़ डेस्कटॉप फ़ॉन्ट ओवरराइड जब सूक्ति फोंट का उपयोग करने के लिए इस्तेमाल किया जा मान सेट कर दिया जाता है.,A value to be used to override sans-serif desktop font when use-gnome-fonts is set.,"When a quote is used, the font is set to the default."
387,387,"इस समय सब कुछ बहुत शांत है, शिथिल हैं.","At the moment things are very calm, very relaxed.",2) The city has made tremendous progress.
388,388,"[दरवाजा खोलता है, बंद]","[ DOOR OPENS, CLOSES ]","1) The door is ajar, but the mind is closed."
389,389,रियल्म,realm,2
390,390,"याद करो जब अल्लाह ने उन लोगों से, जिन्हें किताब प्रदान की गई थी, वचन लिया था कि ""उसे लोगों के सामने भली-भाँति स्पट् करोगे, उसे छिपाओगे नहीं।"" किन्तु उन्होंने उसे पीठ पीछे डाल दिया और तुच्छ मूल्य पर उसका सौदा किया। कितना बुरा सौदा है जो ये कर रहे है","And [mention, O Muhammad], when Allah took a covenant from those who were given the Scripture, [saying], ""You must make it clear to the people and not conceal it."" But they threw it away behind their backs and exchanged it for a small price. And wretched is that which they purchased.",Alternatives: <list the other English sentences that are similar in meaning and context>
391,391,हेह...,Heh.,"1) I have faced many challenges in my life, but I have never given up."
392,392,DOKE:,DOKE:,3) Hold the country together.
393,393,"नहीं, यह बहुत शांत है.",- It's pretty awesome. - We'll take it.,<select the most relevant English sentence>
394,394,नाम,Name,Stage-1 output: <definition + candidates>
395,395,"शून्य से एक Xbox, £ 150 के बराबर होती है?","MINUS ONE XBOX, £150, EQUALS?",4) <optional more english sentences>
396,396,एलेन का बटुआ. .,Ellen's wallet.,1) A drop in the ocean.
397,397,क्युमुलेटिव,Cumulative,1
398,398,"एक पेट्रोल बम विस्फोट की तस्वीर छपी है जो कि एक बिल्कुल बेतुकी बात है, क्योंकि हम तो बायोडीज़ल प्रयोग करते हैं!","An image of a petrol bomb exploding - which is ludicrous, because we use biodiesel, not petrol!","2) I had called my grandfather once, but he never picks up the phone."
399,399,पुरुष #2:,man #2:,```
