|src|true_meaning|literal_translation|predicted
0|आंखें चुराना|to avoid being seen|to hide one’s eyes|stealing eyes
1|आंखों का तारा|beloved person|the star of the eyes|star of the eye
2|चेहरा उतरना|to be sad or disappointed|the face to fall|facial dislocation
3|दाँतों तले उंगली दबाना|to be very surprised|to press a finger under the teeth|Finger pressing under the teeth
4|साँस लेना|to feel relieved after hard work|to take a breath|breathing
5|बात पक्की होना|to agree on something or finalize a deal|for the matter to become firm|to be certain
6|बाल-बाल बचना|to narrowly escape from trouble|to be saved by a hair|Avoidance of children
7|अक्ल का दुश्मन|a fool who avoids wisdom|enemy of wisdom|The Enemy of Reason
8|जान पर खेलना|to act fearlessly or take great risks|to play with one’s life|Playing with life
9|पेट में चूहे कूदना|to be extremely hungry|mice jumping in the stomach|jumping rats in the stomach
10|आसमान पर चढ़ना|to be proud or overconfident|to climb onto the sky|ascending to heaven
11|आकाश पाताल का अंतर|to be vastly different|difference between sky and netherworld|The difference between heaven and hell
12|हवा से बातें करना|to move very fast|to talk with the wind|Talking to the wind
13|पत्थर की लकीर|to be firm on one’s word or decision|a line of stone|line of stone
14|पहाड़ टूट पड़ना|to face a huge problem or calamity|a mountain breaking and falling (upon)|and the mountains will split apart
15|ईद का चाँद होना|to appear after a long time (a rare person)|to be the moon of Eid|The moon of Eid
16|चकमा देना|to deceive or trick someone|to give a dodge/trick|cheat
17|उल्टी गंगा बहना|something unusual or against norms happening|the Ganga to flow in reverse|upstream flowing
18|छक्के छुड़ाना|to defeat completely|to make someone’s sixes come out|redemption of sixes
19|फूँक-फूँक कर कदम रखना|to act very cautiously|to place steps after blowing (carefully)|Step by step
20|दम में दम आना|to regain courage or relief after fear|breath to come into one’s breath|shortness of breath
21|दाँत से दाँत बजाना|to shiver from cold|to make tooth strike tooth (chatter)|tooth by tooth
22|मुँह में पानी आना|to be tempted by delicious food|water to come into the mouth|Watering in the mouth
23|नाक काटना|to disgrace or embarrass someone|to cut the nose|cutting the nose
24|कमर टूटना|to feel exhausted or discouraged|the waist to break|fracture of the back
25|कमर कसना|to prepare oneself for a challenge|to tighten the waist (belt)|tightness of the waist
26|कलेजा पत्थर का होना|to be mentally or emotionally very strong|the liver/heart to be of stone|Having a liver stone
27|दाँत खट्टे करना|to defeat someone badly|to make the teeth sour|grinding of teeth
28|ईंट से ईंट बजाना|to completely destroy or demolish someone|to make brick strike brick|playing brick by brick
29|नाक में दम करना|to annoy someone constantly|to put breath in the nose|breathing in the nose
30|नाक पर मक्खी न बैठने देना|to be strict or disciplined|to not let a fly sit on the nose|Not letting a fly sit on your nose
31|नाक कट जाना|to lose one's honor or respect|the nose to get cut|cutting off the nose
32|नाक में तेल डालकर सोना|to sleep carefreely without worries|to sleep after putting oil in the nose|Putting oil in the nose
33|नाक का सवाल होना|to be a matter of pride or ego|to be a question of the nose (honor)|Having a problem with the nose
34|नाक भौं सिकोड़ना|to show disapproval|to wrinkle the nose and brows|narrowing of the nose and eyebrows
35|नाक नीची करना|to humiliate publicly|to make the nose low|lowering the nose
36|कान खड़े होना|to become alert or suspicious|for the ears to stand up|ears standing up
37|कान पर जूँ न रेंगना|to remain unaffected or unmoved|for not even a louse to crawl on the ear|Not crawling lice on the ears
38|कान में तेल डालना|to ignore someone's words|to pour oil into the ear|Putting oil in the ear
39|कान में फूंक मारना|to influence or manipulate someone secretly|to blow a puff into the ear|Blowing in the ear
40|कान पकड़ना|to vow never to repeat a mistake|to hold the ears|holding the ear
41|कान भरना|to manipulate someone against another|to fill the ears|filling ears
42|कान काटना|to outsmart completely|to cut the ear|cutting off ears
43|आसमान सिर पर उठाना|to create a big commotion or panic|to lift the sky onto one’s head|Raising the sky on its head
44|आसमान से बातें करना|to reach great heights or success|to talk with the sky|Talking to the sky
45|आसमान से गिरे खजूर में अटके|to fall from one trouble into another|having fallen from the sky, stuck in a date-palm|Trapped in falling palm trees
46|आग बबूला होना|to become extremely angry|to become fire-foaming (blazing angry)|the burning of a fire
47|आग में घी डालना|to worsen an already bad situation|to pour ghee into the fire|Throwing ghee into the fire
48|आग में कूदना|to take a dangerous risk|to jump into the fire|jumping into the fire
49|आग लगना|to become furious or jealous|for fire to catch|fire
50|आग ठंडी होना|to calm down after anger|for the fire to cool|fire cooling
51|आग उगलना|to speak harshly or aggressively|to spit/emit fire|fire breaking out
52|आग से खेलना|to invite danger knowingly|to play with fire|Playing with fire
53|आग लगाना|to instigate or provoke trouble|to set on fire|set on fire
54|आग दिखाना|to show anger or power|to show fire|show fire
55|आग लग जाना|to feel jealous or restless|for fire to get lit|fire
56|आग बन जाना|to become furious|to become fire|becoming a fire
57|आग पर तेल डालना|to intensify an argument or situation|to pour oil on the fire|Adding fuel to the fire
58|धूल चाटना|to face defeat or humiliation|to lick dust|licking dust
59|धूल फाँकना|to struggle in poverty or hardship|to gulp/eat dust|scattering of dust
60|धूल झाड़ना|to scold or reprimand strongly|to shake off dust|sweeping away dust
61|धूल में मिलाना|to destroy completely|to mix into dust|mixing in dust
62|धूल उड़ाना|to make a scene unnecessarily|to raise/fly dust|blowing dust
63|धूल झोंकना|to deceive or mislead someone|to throw dust (in the eyes)|dusting
64|हवा निकल जाना|to lose courage suddenly|for the air to go out|exhalation
65|हवा खा जाना|to run away secretly|to eat wind|breathing
66|हवा में उड़ाना|to waste money carelessly|to throw/waft in the air|flying in the air
67|हवा बन जाना|to disappear quickly|to become air|become air
68|हवा में बात करना|to speak without proof or sense|to speak into the air|Speaking in the Air
69|हवा लगना|to be influenced by others|to catch/get the wind|breathing
70|हवा देना|to encourage or instigate something|to give air|airing
71|हवा बदलना|to change situation or environment|to change the air|change of air
72|हवा चखना|to get a taste of something new (usually trouble)|to taste the air|taste of air
73|हवा बंद होना|to lose confidence completely|for the air to stop|closure of air
74|आँख में धूल झोंकना|to deceive or fool someone|to throw dust into the eye|Dust in the eye
75|आँखें फटी की फटी रह जाना|to be shocked or amazed|for the eyes to remain torn-open|Flattening of the eyes
76|आँखों में धूल झोंकना|to cheat someone cleverly|to throw dust into the eyes|Dust in the eyes
77|आँखों में बस जाना|to win someone’s heart|to come to reside in the eyes|settling in the eyes
78|आँखों से ओझल होना|to disappear from sight|to be hidden from the eyes|Blurred vision
79|आँख दिखाना|to threaten or scold harshly|to show the eye|eye showing
80|आँख तरेरना|to glare angrily|to glare with the eyes|winking
81|आँखें फाड़ना|to stare in surprise|to rip/tear the eyes open (goggle)|tearing out the eyes
82|आँखें मूँदना|to ignore intentionally|to shut/close the eyes|blinking of the eyes
83|आँखों में आँसू आना|to become emotional or sad|for tears to come into the eyes|Tears in the eyes
84|दिल लगाना|to fall in love|to attach the heart|heartbeat
85|दिल तोड़ना|to break someone's heart|to break the heart|heartbreak
86|दिल जीतना|to win someone's affection|to win the heart|winning hearts
87|दिल पर लेना|to take something personally|to take to the heart|take to heart
88|दिल लगाकर काम करना|to work wholeheartedly|to work with the heart attached|Working hard
89|दिल में बात रखना|to hide one’s feelings|to keep the matter in the heart|Speak from the heart
90|दिल पर पत्थर रखना|to act bravely despite pain|to place a stone on the heart|Putting a stone on the heart
91|दिल जलना|to feel jealous or envious|for the heart to burn|heartburn
92|दिल बहलाना|to distract from sadness|to amuse/console the heart|seduction of the heart
93|दिल धड़कना|to feel nervous or excited|for the heart to beat|heartbeat
94|दिल खोलकर देना|to be generous|to give with the heart open|openhearted giving
95|दिल में चोर होना|to have guilt or bad intentions|for there to be a thief in the heart|Being a Thief at Heart
96|दिल में बसना|to be deeply loved or remembered|to dwell in the heart|settling in the heart
97|दिल का हाल बताना|to express inner feelings|to tell the condition of the heart|Tell your heart condition
98|दिल टूट जाना|to feel heartbroken|for the heart to break|heartbreak
99|दिल खुश हो जाना|to become happy|for the heart to become happy|Happiness of heart
100|दिल में बात आना|to get an idea or feeling|for a thought to come into the heart|Speaking from the Heart
101|दिल से उतर जाना|to lose affection or trust|to descend/fall from the heart|coming from the heart
102|दिल से लगाना|to love or treat affectionately|to press/hold to the heart|from the heart
103|दिल लगा रहना|to stay interested or focused|to remain heart-attached|heartfelt attachment
104|दिमाग चलना|to think cleverly|for the mind/brain to run|walking the mind
105|दिमाग खराब होना|to lose temper or sanity|for the mind to go bad|mentally ill
106|दिमाग लगाना|to use intelligence or creativity|to apply the mind|brainstorming
107|दिमाग ठिकाने लगाना|to discipline or bring to senses|to put the mind in its place|Locating the Mind
108|दिमाग का दही होना|to get mentally exhausted|the brain to become curd|being a brain decoy
109|दिमाग घुमाना|to confuse or manipulate someone|to spin/turn someone’s mind|wandering of the mind
110|दिमाग का ताला खोलना|to start thinking or understanding|to open the lock of the mind|Unlocking the Mind
111|दिमाग खाना|to irritate by constant nagging|to eat the brain|eating brains
112|दिमाग लग जाना|to focus attention on something|for the mind to get engaged|bewildered
113|दिमाग में बात आना|to get a sudden idea|for an idea to come into the mind|Speaking to the Mind
114|पानी-पानी होना|to feel embarrassed or ashamed|to become water-water|being watery
115|पानी फिर जाना|to have plans fail suddenly|for water to go over (it)|return to water
116|पानी मांगना|to beg for mercy|to ask for water|asking for water
117|पानी उतारना|to humiliate someone publicly|to bring down/drain the water|unloading water
118|पानी सिर से गुजरना|to reach the limit of patience|for water to pass over the head|Water passing through the head
119|पानी में आग लगाना|to attempt the impossible|to set fire in water|lighting a fire in water
120|पानी पर लिखा|to be temporary or futile|written on water|Written on water
121|पानी बराबर होना|to be equal in strength or skill|to be equal like water|water equalization
122|पानी पीना|to feel comfortable after fear|to drink water|drinking water
123|पानी मांगना पड़ना|to be defeated badly|to have to ask for water|Asking for water
124|पानी लाना|to bring respect or reputation|to bring/fetch water|bring water
125|हाथ बँटाना|to help or assist someone|to share/divide the hand|handshake
126|हाथ धोकर पीछे पड़ना|to chase or target relentlessly|to wash one’s hands and go after|Hand washing and falling back
127|हाथ खड़े कर देना|to give up completely|to make (one) raise hands|Raising the hand
128|हाथ पाँव फूल जाना|to panic or get nervous|for hands and feet to bloom|thinning of the hands and feet
129|हाथ मलना|to regret something deeply|to rub the hands|hand washing
130|हाथ साफ़ होना|to be skilled or experienced|for the hand to be clean|hand washing
131|हाथ पर हाथ धरे रहना|to do nothing|to keep one hand resting on the other|Holding hands
132|हाथ की सफाई दिखाना|to show cleverness or skill|to show the hand’s cleanliness (sleight)|showing hand hygiene
133|हाथ में लेना|to take responsibility for something|to take in hand|take in hand
134|हाथ से निकल जाना|to miss an opportunity|to go out of the hand|getting out of hand
135|हाथ लगना|to get caught or succeed|to come to the hand|touching
136|हाथ धोना|to lose something completely|to wash hands|hand washing
137|हाथ मिलाना|to collaborate or agree|to join hands|shake hands
138|हाथ बाँधना|to restrict or tie someone’s ability|to tie/bind the hands|hand binding
139|हाथ ऊँचा होना|to be more powerful or dominant|for the hand to be higher|elevation of the hand
140|हाथ जलना|to learn by mistake|for the hand to be burned|burning of the hand
141|हाथ थामना|to support someone|to hold the hand|holding hands
142|हाथ पसारना|to beg or plead|to spread the hand (for alms)|extend the hand
143|हाथ काटना|to separate or break relation|to cut the hand|cutting off the hand
144|हाथ मोड़ना|to refuse or reject something|to twist the hand|folding hands
145|पैर पसारना|to spend or expand beyond means|to spread the feet|stretching legs
146|पैर जमाना|to settle firmly|to set the feet firm|footing
147|पैर पकड़ना|to beg for forgiveness|to hold the feet|grasping feet
148|पैर तले ज़मीन खिसकना|to be shocked or lose ground|for the ground to slip from under the feet|Sliding the ground underfoot
149|पैर पर कुल्हाड़ी मारना|to harm oneself by one’s own actions|to strike an axe on one’s foot|striking the foot with an ax
150|पैर पीछे खींचना|to withdraw from commitment|to pull the feet back|pulling the leg back
151|पैर फैलाना|to extend scope gradually|to spread the feet|spread legs
152|पैर रोकना|to restrain or hesitate|to stop the feet|stopping foot
153|पैर रखना|to begin something new|to place a foot|footing
154|पैर उठाना|to show disrespect or overconfidence|to lift the foot|lifting feet
155|मुँह बनाना|to show annoyance or sadness|to make a face|make a face
156|मुँह खोलना|to start speaking up|to open the mouth|opening the mouth
157|मुँह लटकाना|to look disappointed|to hang the face|hanging up
158|मुँह की खाना|to suffer humiliation|to eat of the mouth|mouth food
159|मुँह मोड़ना|to turn away or refuse help|to turn the face away|turning away
160|मुँह दिखाना|to appear shamelessly after wrongdoing|to show the face|show face
161|मुँह में राम बगल में छुरी|to be deceitful in nature|Ram in the mouth, knife in the armpit|Ram next to knife in mouth
162|मुँह माँगी मुराद मिलना|to get exactly what one wanted|to get the wish asked by mouth|What a blessing it is to be able to do that!
163|मुँह बंद रखना|to stay silent|to keep the mouth closed|keeping your mouth shut
164|मुँह खुलवाना|to make someone speak|to make (someone) open the mouth|opening the mouth
165|मुँह चुराना|to avoid facing someone|to hide/steal the face (avoid)|stealing
166|मुँह तोड़ जवाब देना|to give a fitting reply|to give a mouth-breaking reply|Responding in a Blatant Way
167|मुँह में घी शक्कर|used to bless or hope for good news|ghee and sugar in the mouth|Ghee sugar in the mouth
168|मुँह लगना|to act too familiar with elders|to get attached to the mouth|mouthing
169|मुँह में जुबान न होना|to be timid or unable to speak up|to not have a tongue in the mouth|No tongue in the mouth
170|मुँह से बात निकलना|to accidentally reveal something|for the words to come out of the mouth|word of mouth
171|हिम्मत हारना|to lose courage|to lose courage|discouragement
172|हिम्मत रखना|to stay strong and confident|to keep courage|be courageous
173|हिम्मत बाँधना|to encourage oneself|to tie/bind courage|courageous
174|हिम्मत जुटाना|to gather courage|to gather courage|mustering up courage
175|हिम्मत टूटना|to become hopeless|for courage to break|discouragement
176|हिम्मत दिखाना|to show bravery|to show courage|showing courage
177|हिम्मत बढ़ाना|to motivate or encourage someone|to increase courage|building up courage
178|जुबान चलाना|to talk disrespectfully|to run the tongue|tongue move
179|जुबान फिसलना|to say something by mistake|for the tongue to slip|slippery tongue
180|जुबान देना|to make a promise|to give one’s tongue (word)|tongue
181|जुबान रखना|to keep one’s word|to keep one’s tongue (word)|keeping the tongue
182|जुबान काटना|to regret saying something|to cut/bite the tongue|cutting out the tongue
183|जुबान पकड़ना|to hold someone to their words|to catch/hold the tongue|grasping the tongue
184|जुबान पर काबू रखना|to control speech|to keep control on the tongue|Control of the tongue
185|जुबान लगना|to get into an argument|to get on the tongue|tongue
186|जुबान बंद रखना|to stay silent intentionally|to keep the tongue shut|keeping the tongue closed
187|दाँत पीसना|to show silent anger|to grind the teeth|grinding of teeth
188|दाँत दिखाना|to laugh unnecessarily|to show the teeth|showing teeth
189|दाँत गिनाना|to mock or insult someone|to count the teeth|counting teeth
190|दाँत काटी रोटी|to have a close friendship|tooth-bitten bread|toothed bread
191|दाँत टूट जाना|to be defeated or embarrassed|for the teeth to break|tooth breakage
192|पसीना बहाना|to work hard|to make sweat flow|sweating
193|पसीना छुड़ाना|to frighten or exhaust|to make someone break into sweat|sweating
194|पसीना निकलना|to feel nervous or hot|for sweat to come out|sweating
195|पसीना-पसीना होना|to be drenched in sweat (from work or fear)|to become sweat-sweat (drenched)|sweating
196|खून पसीना एक करना|to work tirelessly|to make blood and sweat one|Blood Sweat One
197|खून खौलना|to feel extreme anger|for the blood to boil|coughing up blood
198|खून जलाना|to waste emotional energy|to burn blood|burning of blood
199|खून चूसना|to exploit someone harshly|to suck blood|sucking blood
200|खून में उबाल आना|to be fired up with passion|for the blood to come to a boil|Boiling in blood
201|खून पसीने की कमाई|hard-earned money|earnings of blood and sweat|The earnings of blood sweat
202|खून सफेद होना|to become heartless or selfish|for the blood to become white|blood white
203|खून चढ़ना|to feel energetic or brave|for the blood to rise|high blood pressure
204|खून उतरना|to lose courage suddenly|for the blood to descend|bleeding out
205|पसीने छूटना|to panic under pressure|for sweats to break out|sweating
206|खून जम जाना|to be terrified|for the blood to freeze/clot|clotting
207|खून देना|to sacrifice selflessly|to give blood|giving blood
208|खून का रिश्ता|blood relation|a relation of blood|blood relationship
209|खून बहाना|to fight fiercely|to make blood flow|to bleed
210|खून खराबा होना|to result in violence or bloodshed|for bloodshed/ruin to happen|blood clots
211|दिल थाम लेना|to feel suspense or fear|to hold the heart|restraining the heart
212|दिल लगा लेना|to fall in love deeply|to set/attach the heart|attachment
213|दिल में आग लगना|to feel jealousy or anger|for fire to ignite in the heart|Fire in the heart
214|दिल दहल जाना|to be terrified|for the heart to shudder|heart palpitations
215|दिल धकधक करना|to feel nervous or anxious|for the heart to throb ‘dhak-dhak’|heartbeat
216|दिल में उतरना|to become likable or close to heart|to descend into the heart|Going to the heart
217|दिल में ठंडक पड़ना|to feel relief or satisfaction|for coolness to fall in the heart|coldness in the heart
218|दिल को छू जाना|to touch emotionally|to go and touch the heart|touching the heart
219|दिल जीत लेना|to win affection|to win the heart|winning hearts
220|दिल में कसक रह जाना|to feel unfulfilled desire or regret|for a pang to remain in the heart|Righteousness in the Heart
221|दिल का चैन खोना|to lose peace due to love or worry|to lose the heart’s peace|Loss of peace of mind
222|दिल बहल जाना|to feel consoled|for the heart to be consoled/amused|being led astray
223|दिल कड़ा करना|to act firmly despite emotions|to make the heart hard|hardening of the heart
224|दिल बैठ जाना|to lose hope or courage|for the heart to sit/sink|heartbeat
225|दिल बदलना|to change one’s opinion or feelings|to change the heart|change of heart
226|साँप निकल गया, लकीर पीटते रह गए|to act after the damage is already done|the snake went out; (they) kept beating the line|The snake came out, and they kept beating the rope.
227|साँप सूँघ जाना|to become completely silent out of fear|for a snake to sniff (one)|snake sniffing
228|साँप और नेवले की लड़ाई|a fight between sworn enemies|a snake-and-mongoose fight|The Battle of the Snake and the Snakes
229|साँप के मुँह में छछूंदर|to be stuck in an impossible situation|a shrew in the snake’s mouth|The Snakes' Mouth is a Snakes' Mouth.
230|साँप को दूध पिलाना|to favor someone who will harm you later|to feed milk to a snake|Milking the Serpent
231|साँप की केंचुली बदलना|to change completely in nature or appearance|for a snake to change its slough/skin|Changing the Snake's Claw
232|साँप भी मर जाए और लाठी भी न टूटे|to solve a problem smartly without harm to anyone|the snake die too and the stick not break|Even the snake will die and the stick will not break.
233|साँप का बच्चा|a dangerous or deceitful person|a snake’s offspring|the snake child
234|साँप के बिल में हाथ डालना|to invite trouble knowingly|to put a hand into a snake’s burrow|Putting one's hand in a snake's bill
235|साँप निकलते ही लकीर पीटना|to regret after losing the opportunity|to beat the line once the snake has left|Striking the line as the snake comes out
236|शेर की सवारी करना|to take a dangerous or risky decision|to ride a lion|riding a lion
237|शेर बनना|to act bravely or arrogantly|to become a lion|Becoming a lion
238|शेर का दिल रखना|to be very courageous|to keep/have a lion’s heart|to have the heart of a lion
239|शेर के मुँह में हाथ डालना|to challenge danger directly|to put a hand in a lion’s mouth|Putting one's hand in the lion's mouth
240|शेर की तरह गरजना|to speak fearlessly or loudly|to roar like a lion|Roaring like a lion
241|शेर का शिकार करना|to achieve a big or risky goal|to hunt a lion|hunting a lion
242|लोमड़ी की तरह चालाक|to be extremely cunning|cunning like a fox|Clever as a fox
243|कुत्ते की तरह भौंकना|to shout without reason|to bark like a dog|Barking like a dog
244|कुत्ते की मौत मरना|to die miserably or without dignity|to die a dog’s death|Dying of the dog
245|कुत्ते की पूँछ टेढ़ी की टेढ़ी|bad habits never change|a dog’s tail—crooked remains crooked|The dog's tail is curved.
246|कुत्ते के भौंकने से हाथी नहीं रुकता|great people ignore petty criticism|by a dog’s barking the elephant doesn’t stop|A dog's barking does not stop an elephant
247|कुत्ते की दुम टेढ़ी की टेढ़ी|incorrigible by nature|a dog’s tail—crooked-crooked|The curve of the dog's curve.
248|कुत्ते की तरह पीछे पड़ना|to chase someone relentlessly|to get after (someone) like a dog|Leaving behind like a dog
249|बंदर क्या जाने अदरक का स्वाद|the unworthy cannot appreciate value|what would a monkey know of ginger’s taste|Monkey knows what ginger tastes like
250|बंदर के हाथ में उस्तरा|a dangerous thing in foolish hands|a razor in a monkey’s hand|A razor in the hand of a monkey
251|बंदर नाच देखना|to enjoy entertainment or drama|to watch a monkey dance|Watching a monkey dance
252|बंदर घुड़की देना|to make empty threats|to give a monkey-like browbeating|monkey twitching
253|बंदर के हाथ नारियल|valuable thing with an undeserving person|a coconut in a monkey’s hand|Monkey hand coconut
254|बिल्ली के गले में घंटी बाँधना|to take initiative in a dangerous task|to tie a bell on the cat’s neck|tying a bell around a cat 's neck
255|बिल्ली की तरह मुँह बनाना|to act innocent after wrongdoing|to make a face like a cat|Making a face like a cat
256|बिल्ली की तरह चुप रहना|to remain silent out of guilt or fear|to stay quiet like a cat|Quiet as a cat
257|बिल्ली के भाग्य से छींका टूटा|to get something valuable by pure luck|by the cat’s fortune the hanging rack broke|Sneezing broken by the cat 's fate
258|चूहे बिल्ली का खेल|a game of chase and evasion|a cat-and-mouse game|game of cat and mouse
259|चूहे दौड़ना|to feel hungry|mice to run (about)|mouse running
260|गधे के सिर से सींग गायब|something missing without a trace|horns gone from the donkey’s head|Horns missing from donkey's head
261|गधे पर बैठकर शेर की बात करना|to act proud without reason|to sit on a donkey and talk of a lion|Sitting on a donkey and talking to a lion.
262|गधे को घोड़ा बनाना|to exaggerate someone’s abilities|to make a donkey into a horse|making a donkey into a horse
263|गधे को फूलों की माला पहनाना|to honor an undeserving person|to put a garland of flowers on a donkey|Putting flowers on a donkey
264|गधे के कान में बांसुरी|to waste effort on someone ignorant|a flute in a donkey’s ear|A flute in a donkey 's ear
265|गाय का दूध पीना|to live peacefully and simply|to drink the cow’s milk|drinking cow 's milk
266|गाय बनना|to act innocent or submissive|to become a cow|being a cow
267|गाय के आगे बीन बजाना|to explain something to someone who won’t understand|to play a reed-pipe before a cow|Playing the bean in front of the cow
268|ऊँट के मुँह में जीरा|too little for a large need|cumin in a camel’s mouth|Giraffe in the Camel's Mouth
269|ऊँट पहाड़ के नीचे|to meet one’s superior or defeat|camel beneath the mountain|Under the Camel Mountain
270|ऊँट के मुँह में खजूर|tiny reward for great effort|a date in a camel’s mouth|Palm in the Camel's Mouth
271|ऊँट की चाल चलना|to act steadily but slowly|to walk with the camel’s gait|The Camel's Walk
272|ऊँट रेत में सिर छिपाना|to ignore reality or hide from truth|for the camel to hide its head in sand|The camel hides its head in the sand.
273|घोड़े बेचकर सोना|to sleep peacefully without worry|to sleep having sold the horses|Gold by selling horses
274|घोड़े पर सवार होना|to be in a hurry or overexcited|to be mounted on a horse|riding a horse
275|घोड़े का नाल पहनना|to try something superstitious for luck|to wear a horse’s horseshoe|wearing a horse saddle
276|घोड़े की लगाम कसना|to tighten control|to tighten the horse’s reins|tightening the bridle of the horse
277|घोड़े दौड़ाना|to act hastily without thinking|to run the horses|horse racing
278|मछली पानी से बाहर|to feel uncomfortable in a strange place|fish out of water|Fish out of water
279|मछली हाथ से निकलना|to miss an opportunity|for the fish to slip from the hand|fish out of hand
280|मछली पकड़ना|to manipulate a situation for gain|to catch fish|fishing
281|मछली मरना|to face downfall silently|for a fish to die|fish dying
282|मगरमच्छ के आँसू|false show of sympathy|crocodile’s tears|Crocodile tears
283|मगरमच्छ बनना|to act powerful or arrogant falsely|to become a crocodile|becoming a crocodile
284|मगरमच्छ का शिकार करना|to take on a huge challenge|to hunt a crocodile|hunting crocodiles
285|सांड बनना|to act angrily or uncontrollably|to become a bull|becoming a buffalo
286|सांड को लाल कपड़ा दिखाना|to provoke someone deliberately|to show a red cloth to a bull|Showing the calf a red cloth
287|सांड की तरह दौड़ना|to rush without thinking|to run like a bull|Running like a buffalo
288|सांड की तरह जिद्दी|to be very stubborn|stubborn like a bull|Stubborn as a calf
289|सांड की तरह ताकतवर|to be physically strong|strong like a bull|Strong as a buffalo
290|तेल देखो तेल की धार|to wait and watch patiently|look at the oil—the stream of the oil|Look at the oil stream
291|तेल लगाना|to flatter or please for benefit|to apply oil|oil
292|तेल निकलना|to get exhausted completely|for oil to come out|oil leakage
293|तेल पानी एक होना|to be completely incompatible|for oil and water to be one|Oil water being one
294|तेल जलाना|to work hard late into the night|to burn oil|burning oil
295|धन पानी की तरह बहाना|to waste money lavishly|to let wealth flow like water|Wealth is like water.
296|धन दौलत इकट्ठी करना|to accumulate wealth|to gather wealth and riches|Wealth is the accumulation of wealth.
297|धन का घमंड होना|to be arrogant about wealth|to have pride of wealth|Pride of wealth
298|धन के पीछे भागना|to be greedy for money|to run after wealth|Running after money
299|धन का नशा चढ़ना|to be blinded by riches|for the intoxication of wealth to rise|Addicted to Money
300|धन कमाना|to earn wealth|to earn wealth|earning money
301|धन की बरसात होना|to receive great fortune|for a rain of wealth to occur|Rain of money
302|धन को पानी समझना|to spend carelessly|to consider wealth as water|Understanding Money as Water
303|धन का दुरुपयोग करना|to misuse wealth|to misuse wealth|misuse of money
304|धन देना|to offer charity or contribution|to give wealth|giving money
305|नजर लगना|to be jinxed or affected by envy|for the (evil) eye to be cast|look
306|नजर उतारना|to remove the evil eye|to take off/ward off the eye|look away
307|नजर बचाना|to avoid eye contact|to save oneself from the eye|protecting the eye
308|नजर डालना|to glance or check|to cast a glance|look at
309|नजर चुराना|to avoid someone intentionally|to steal/avoid the eye|stealing eyes
310|नजर रखना|to keep watch on something|to keep an eye|keep watch
311|नजर मिलाना|to look straight and confidently|to meet the eyes|eye contact
312|नजर में आना|to get attention or recognition|to come into sight|be in sight
313|नजर से गिरना|to lose respect in someone’s eyes|to fall from (someone’s) eyes|falling out of sight
314|नजरों में बसना|to be deeply admired or loved|to dwell in (someone’s) eyes|settling in the eyes
315|मुँह की बात छीनना|to say what someone was about to say|to snatch the words from (someone’s) mouth|tearing out the mouth
316|रूठा मन मनाना|to reconcile after disagreement|to coax the sulking mind/heart|to celebrate a state of mind
317|मन बनना|to decide willingly|for the mind to be made|becoming mind
318|मन भरना|to lose interest or get satisfied|for the mind to fill/satiate|filling the mind
319|मन लगाना|to stay focused|to set the mind (on)|mindfulness
320|मन मारना|to suppress one’s desires|to kill/suppress the mind|bewildered
321|मन में बैठना|to be convinced deeply|to sit in the mind|sitting in the mind
322|मन में बात रखना|to keep things inside|to keep the matter in the mind|Keeping the Word in Mind
323|मन बहलाना|to divert oneself pleasantly|to amuse/entertain the mind|seducing
324|मन से उतरना|to lose affection for someone|to come down from the heart/mind (lose favor)|get out of mind
325|मनमानी करना|to act selfishly or on one’s own terms|to do according to one’s own mind|arbitrary
326|दो नावों पर सवार होना|to try doing two opposite things at once|to ride on two boats|Riding on two boats
327|दूध का जला छाछ भी फूंककर पीता है|once bitten, twice shy|one burned by milk even blows on buttermilk before drinking|The burning milk is also blown.
328|दूध का दूध, पानी का पानी करना|to reveal the truth or clarify everything|to make milk (be) milk and water (be) water|Milk to milk, water to water
329|दूध में मक्खी की तरह|an unwanted person in a good place|like a fly in milk|Like a fly in milk
330|दूध का कर्ज चुकाना|to repay parents' love and care|to repay the debt of milk|Paying off a milk debt
331|दूध में नीम का पत्ता|something that ruins a good thing|a neem leaf in milk|lime leaf in milk
332|दूध का दूध अलग करना|to identify right and wrong clearly|to separate milk as milk|separating milk from milk
333|दूध की धार बनना|to prosper or flourish|to become a stream/jet of milk|becoming a milk stream
334|दूध पीता बच्चा नहीं हूँ|I’m not naive anymore|I am not a milk-drinking child|I'm not a milk-sucking baby.
335|दूध की नदियाँ बहाना|to dream of prosperity|to make rivers of milk flow|flowing rivers of milk
336|घर की मुर्गी दाल बराबर|to undervalue what one has|the chicken of the house equals lentils|The chicken in the house is equal to the pulses.
337|घर फूँक तमाशा देखना|to risk everything for curiosity|to burn the house and watch the show|Watching a home-show
338|घर का भेदी लंका ढाए|an insider can cause great harm|the insider of the house topples Lanka|The house pierced.
339|घर की बात बाहर निकलना|to leak private matters|the house’s talk to go outside|getting out of the house
340|घर बसाना|to settle down or start a family|to set up/build a home|settling down
341|घर उजड़ना|to lose everything|the home to be ruined|desolation of the house
342|घर में घुसकर मारना|to attack boldly|to enter the house and beat|Breaking and entering
343|घर का रास्ता भूल जाना|to wander aimlessly or forget priorities|to forget the way home|Forgetting the Way Home
344|घर आँगन में झगड़ा|domestic disputes|a quarrel in the house courtyard|Fighting in the backyard
345|घर की लक्ष्मी|a woman considered the prosperity of a home|the house’s Lakshmi|Lakshmi of the house
346|आम के आम गुठलियों के दाम|double benefit from one effort|mangoes as mangoes, pits for a price too|The price of common mango bulbs
347|आम रास्ता पकड़ना|to take the easy or common way|to take the common road|Taking the Common Route
348|आम आदमी|a common man|common man|common man
349|आमदनी अठन्नी खर्चा रुपैया|expenses exceeding income|income half a rupee, expense a rupee|Income and expenses Rs.
350|आम खाने वाले बनो, पेड़ मत गिनो|enjoy benefits without overanalyzing|be mango-eaters, don’t count the trees|Be a common eater, not a tree eater.
351|आमदनी बढ़ाना|to increase income|to increase income|Increase income
352|अंधे के हाथ बटेर लगना|to get lucky unexpectedly|a quail falling into a blind person’s hand|Blindness of the hands
353|अंधा कानून|law that doesn’t see right and wrong|blind law|blind law
354|अंधेरे में तीर चलाना|to try without knowledge|to shoot an arrow in the dark|Shooting an arrow in the dark
355|अंधे को अंधेरे में बहुत दूर की सूझी|to overestimate one’s own understanding|to a blind person, in darkness, perceiving the far-off|The blind man sees far into the darkness.
356|अंधे के हाथ में आइना|a useless thing in wrong hands|a mirror in a blind person’s hand|A mirror in the hands of a blind person
357|अंधों में काना राजा|to shine among the incompetent|among the blind, the one-eyed is king|The King of Cana in the Blind
358|काला अक्षर भैंस बराबर|to be illiterate or uneducated|black letters equal a buffalo|Black letters equal buffalo
359|काला धन|black or illegal money|black money|black money
360|काला मन|evil thoughts or intentions|black heart/mind|black mind
361|काले मन का इंसान|a person with bad heart|a person of a black heart|The Man with the Dark Mind
362|काली करतूत|bad or shameful deeds|black deeds|blacklisted
363|काली रात में दिया जलाना|to hope amidst despair|to light a lamp on a black night|Lighting a lamp in the dark of night
364|काली कमाई|illegal earnings|black earnings|black money
365|काली मिर्च लगाना|to exaggerate a story|to apply black pepper|planting black pepper
366|काली नीयत|to have bad intentions|black intention|black purpose
367|काला सच|an unpleasant hidden truth|black truth / dark truth|black truth
368|बीज बोना|to initiate an idea or event|to sow seed|sowing seeds
369|बीज बोकर फल काटना|to reap what one sows|to sow seed and reap fruit|Sowing the Seed and Reaping the Fruit
370|बीज से पेड़ बनना|to see progress from small beginnings|from seed, a tree to become|From seed to tree
371|बीज बोकर काँटे काटना|to face consequences of one’s actions|to sow seeds and cut thorns|Reaping thorns by sowing seeds
372|बीज बदलना|to change the foundation or cause|to change the seed|changing seeds
373|बीज नष्ट करना|to end something at its root|to destroy the seed|destroying seeds
374|बीज जमना|to start taking effect|for the seed to set/germinate|seed solidification
375|बीज बोने वाला|one who starts a trend or cause|one who sows seed|the sower
376|बीज रोपना|to initiate growth or influence|to plant seed|planting seeds
377|बीज काटना|to destroy the base of something|to cut the seed|harvesting seeds
378|थाली का बैंगन|someone who changes sides easily|eggplant of the plate|plate of eggplant
379|थाली में नमक खाना|to benefit from someone’s kindness|to eat salt in (someone’s) plate|eating salt on a plate
380|थाली में छींद लगाना|to betray the one who helped|to make a slit/hole in the plate|squeezing in a plate
381|थाली बजाना|to protest or express excitement|to bang the plate|playing the platter
382|थाली का खाना|a share of resources or wealth|food of the plate|plate food
383|थाली में रखना|to serve something easily|to place in the plate|put on a plate
384|थाली पलटना|to go against one’s own|to flip the plate|flip the plate
385|थाली की रोटी बनना|to be part of a group or system|to become the plate’s roti|Becoming the bread of the dish
386|थाली चाटना|to exploit something completely|to lick the plate|licking plate
387|थाली में परोसना|to give ready-made success|to serve on a plate|serving on a plate
388|चिराग तले अंधेरा|to overlook what’s right before you|darkness beneath the lamp|dark under the lamp
389|चिराग जलना|to bring light or hope|the lamp to light|lighting a candle
390|चिराग बुझना|to lose hope or family support|the lamp to go out|extinguishing a lamp
391|चिराग दिखाना|to guide or help someone|to show a lamp|flashing lights
392|चिराग लेकर ढूँढना|to search very carefully|to search carrying a lamp|Finding with a Lamp
393|चिराग तले छिपना|to hide in the most obvious place|to hide under the lamp|hiding under a lamp
394|चिराग की तरह जलना|to sacrifice oneself for others|to burn like a lamp|burning like a candle
395|चिराग घर का बुझना|to lose a loved one|the household’s lamp to go out|Lighthouse extinguishing
396|चिराग को हवा लगना|to face danger or crisis|for the lamp to catch wind|blowing a light bulb
397|चिराग हाथ में होना|to have control or guidance|to have a lamp in hand|holding a torch
398|भेड़ चाल चलना|to follow others blindly|to walk the sheep’s gait|sheep walk
399|भेड़ बनना|to lack independent thought|to become a sheep|Becoming a Sheep
400|भेड़ की तरह भागना|to run after the crowd|to run like sheep|Running Like a Sheep
401|भेड़िया बनना|to be cruel or selfish|to become a wolf|Becoming a wolf
402|भेड़ का रूप धारण करना|to appear innocent while being deceitful|to assume the form of a sheep|Taking the Form of a Sheep
403|भेड़ की खाल में भेड़िया|a dangerous person pretending to be gentle|a wolf in sheep’s skin|A wolf in sheep's clothing
404|भेड़ के पीछे भेड़|to imitate without thinking|sheep behind sheep|sheep after sheep
405|भेड़ की तरह झुंड में रहना|to depend on others’ lead|to live in a flock like sheep|Like sheep in a flock
406|भेड़ की तरह बोलना|to agree without question|to speak like sheep (bleat)|Speaking Like a Sheep
407|भेड़िया आया कहकर झूठ बोलना|to lie so often that no one believes you later|to say ‘the wolf has come’ and lie|Lying That the Wolf Came
408|ईमान बेचना|to sacrifice integrity for gain|to sell honesty/conscience|selling faith
409|ईमान पर आँच आना|to face moral challenge|for heat/flame to come upon honesty|Believing in the One True God
410|ईमानदार बनना|to act honestly|to become honest|Being Honest
411|ईमान का सौदा करना|to compromise ethics for money|to trade one’s honesty|Bargaining for Faith
412|ईमान की कमाई|honest earnings|earnings of honesty|The Reward of Faith
413|ईमान दिखाना|to prove one’s honesty|to show honesty|exercising faith
414|ईमानदारी निभाना|to act truthfully and faithfully|to uphold honesty|Being Honest
415|ईमान का साथी|a trustworthy companion|companion/partner of honesty|a fellow believer
416|ईमान से उतरना|to become dishonest|to step down from honesty|falling away from the faith
417|ईमान की परीक्षा देना|to face a test of character|to give a test of honesty|Testing of Faith
418|झूठ बोलना|to tell a lie|to speak a lie|lying
419|झूठ पकड़ना|to catch a lie or liar|to catch a lie|catch a lie
420|झूठ की पोल खोलना|to expose deceit|to open the seams of a lie|Opening a Poll of Lies
421|झूठा बहाना बनाना|to make false excuses|to make a false excuse|making false excuses
422|झूठ बोलकर बचना|to lie and escape consequences|to escape by telling a lie|Avoid lying
423|झूठ फैलाना|to spread lies|to spread lies|spreading lies
424|झूठ सच बनाना|to manipulate facts to appear true|to make a lie into truth|Making a Lie True
425|झूठ पर झूठ बोलना|to keep lying|to speak lie upon lie|Lying on a lie
426|झूठ से मुँह मोड़ना|to stay away from falsehood|to turn one’s face away from lies|Turning away from falsehood
427|झूठ पकड़ा जाना|to get caught lying|to be caught lying|being caught lying
428|एक तीर से दो निशाने|to achieve two goals with one action|with one arrow, two targets|Two targets with one arrow
429|नौ दो ग्यारह होना|to run away quickly|to become nine two eleven|nine two eleven.
430|खयाली पुलाव पकाना|to daydream unrealistic plans|to cook imaginary pulao|cooking candies
431|दाल में कुछ काला है|something is suspicious|there is something black in the lentils|There 's something black in the pulp
432|दाल न गलना|a plan not working out|the lentils not cooking|not swallowing pulses
433|जले पर नमक छिड़कना|to make someone’s pain worse|to sprinkle salt on a burn|sprinkling salt on fire
434|सोने पर सुहागा|an added bonus to something good|suhaaga on top of gold|Sweet on the palate
435|रामबाण उपाय|a sure-shot remedy|Rama’s-arrow remedy|remedy
436|आसमान से तारे तोड़ना|to promise or attempt the impossible|to pluck stars from the sky|The falling of the stars from the sky
437|सात समुंदर पार|very far away|across seven seas|Across the Seven Seas
438|अब पछताए होत क्या जब चिड़ियाँ चुग गई खेत|repenting after the damage is done|what use repenting now, when birds have pecked the field|What, when the birds devour the crop,
439|हाथ कंगन को आरसी क्या|no proof needed for the obvious|what mirror for a bangle on the wrist|What's the RC to the hand bracelet
440|तिल का ताड़ बनाना|to exaggerate a small issue|to make a palm tree out of a sesame seed|making a molasses palm
441|ठोकर खाना|to stumble and learn from mistakes|to stumble/strike the toe|stumble
442|ठंडा बस्ता डालना|to shelve a matter indefinitely|to put into a cold bag|cold sack
443|ठंडी साँस भरना|to sigh in sorrow|to heave a cold sigh|cold breathing
444|जी का जंजाल|a constant nuisance|a snare of the life/soul|G's whirlwind
445|जी जान से लगना|to put one’s heart and soul into it|to apply life and soul|clinging to life
446|पीठ पीछे वार करना|to backstab someone|to strike behind the back|back to back
447|पीठ थपथपाना|to praise or encourage|to pat the back|patting the back
448|पीठ दिखाना|to run away from a challenge|to show the back|pointing back
449|पत्ता साफ होना|to be removed or eliminated|for the leaf/card to be cleared|leaf clearing
450|पत्ते खोलना|to reveal one’s plans|to open the cards|opening of leaves
451|पलड़ा भारी होना|to have the upper hand|for the balance-pan to be heavy|heaviness
452|फटे में टांग अड़ाना|to meddle where not needed|to stick a leg into a tear|a broken leg
453|फूटी किस्मत|very bad luck|broken luck|bloated fortune
454|फूटी कोड़ी|a tiny amount of money|a broken cowrie/coin|scratch
455|फूल नहीं समाना|to be overjoyed|to be swollen, not contained|not holding flowers
456|रंग में भंग पड़ना|to have celebrations spoiled|for bhang to fall into the dye/color|dissolving in color
457|रंग बदलना|to betray or change stance|to change color|change of colour
458|रंग लाना|to succeed|to bring color|bring color
459|रंगे हाथ पकड़ा जाना|to be caught red-handed|to be caught with colored hands|being caught red-handed
460|लकीर का फ़कीर|to follow tradition blindly|a fakir of the line|The Faqir of the Line
461|लंबी-लंबी छोड़ना|to boast with tall claims|to leave off long-long (claims)|lengthy leave
462|लोहा मानना|to acknowledge someone’s superiority|to accept the iron|iron
463|लोहा गरम है चोट कर|strike while the iron is hot|iron is hot—strike a blow|Iron is hot hurting
464|दिन-दुगनी रात-चौगुनी तरक्की|rapid, compounding growth|day double, night quadruple progress|Double the day, double the night, quadruple the growth.
465|दिन में तारे दिखना|to be in extreme pain or shock|stars appearing in the daytime|The appearance of the stars during the day
466|मक्खन लगाना|to flatter for gain|to apply butter|applying butter
467|मगजमारी करना|to toil mentally|to do brain-beating|harassing
468|माथा पीटना|to regret greatly|to beat the forehead|patting the head
469|माथा ठोकना|to plead earnestly or pray|to knock the forehead|nodding his head
470|माथे पर बल पड़ना|to appear tense|for wrinkles/tension to appear on the forehead|pressure on the forehead
471|मान रखना|to honor someone’s feelings|to keep honor|respect
472|मुँह में दही जमाना|to remain deliberately silent|to let curd set in the mouth|Putting yogurt in the mouth
473|मूँछों पर ताव देना|to show pride or bravado|to give a twist to the moustaches|Tapping the whiskers
474|जग हँसाई होना|to become a public joke|to become the world’s laughter|to be laughable
475|टांग अड़ाना|to interfere unnecessarily|to stick in a leg|ankle sprain
476|तूफ़ान खड़ा करना|to create a big ruckus|to raise a storm|raising a storm
477|कलेजा मुँह को आना|to be terrified (near-death feel)|the liver to come to the mouth|coming to the mouth of the liver
478|कलेजा ठंडा होना|to feel avenged or satisfied after anger|the liver to become cool|coldness of the liver
479|घी सीधी उंगली से ना निकले तो टेढ़ी करनी पड़े|use strict means if polite ones fail|if ghee won’t come out with a straight finger, one must bend it|If the ghee doesn 't come out of the straight finger, you have to twist it.
480|छाती ठोकना|to boast loudly|to thump the chest|throbbing in the chest
481|छाती पर साँप लोटना|to be intensely jealous|a snake to roll on the chest|Wrapping a snake around your chest
482|छाती पर मूंग दलना|to oppress or torment someone|to mill mung beans on the chest|crushing a pea on the chest
483|छाती चौड़ी होना|to feel proud|the chest to become broad|breast width
484|खेत खाए गधा, मारें जुलाहा|to punish the wrong person|the donkey ate the field, (yet) we beat the weaver|The farm eats the donkey, kills the blacksmith.
485|कुएँ में कूदना|to jump into trouble knowingly|to jump into a well|jumping into a well
486|कुआँ खोदना|to prepare in advance|to dig a well|digging a well
487|चींटी की चाल|very slow progress|the ant’s gait|the ant's movements
488|गागर में सागर भरना|to say a lot in few words|to fill the ocean into a pitcher|Filling the ocean in gargoyles
489|ऊँची दुकान फीका पकवान|great show, poor quality|tall shop, bland dish|High store faded dish
490|नाच न जाने आँगन टेढ़ा|blame surroundings for one’s lack|doesn’t know to dance, (says) the courtyard is crooked|crooked courtyard without dancing
491|नेकी कर दरिया में डाल|do good without expectation|do good and throw it into the river|Do good and throw them into the sea.
492|थोथा चना बाजे घना|empty vessels make more noise|hollow chickpea makes loud sound|a little, a little, a little, a little, a little, a little, a little, a little, a little, a little, a little, a little, a little, a little, a little, a little, a little, a little, a little, a little, a little, a little, a little, a little, a little, a little, a little, a little, a little, a little, a little, a little, a little, a little, a, a, a, a, a, a, a, a, a, a, a, a, a, a, a, a, a, a, a, a, a.
493|रात गई बात गई|let bygones be bygones|night gone, talk gone|The night went by.
494|रातों-रात बदलना|to change overnight|to change overnight|Changing from night to night
495|रस्सी जल गई पर ऐंठ न गई|to be arrogant despite downfall|the rope burned but its twist didn’t go|The rope burned but didn 't snap
496|रोज़ का रोना|the same old complaint|daily crying|crying every day
497|रोटी-रोज़ी का सवाल|a matter of livelihood|question of bread and livelihood|The Question of Bread
498|लाभ-हानि की परवाह न करना|to not care about profit or loss|to not care about profit-loss|Not caring about profits or losses
499|लाख टके की बात|a very valuable point|a matter worth a hundred thousand rupees|A million words.
500|लकड़ी बेकार करना|to waste effort (colloquial sense)|to waste wood|waste wood
501|लड़ाई का मूड बनाना|to get into a quarrelsome mood|to make a mood for a fight|Creating a Fighting Mood
502|शक की सूई अटकना|to remain doubtful|the needle of doubt to get stuck|sticking to the needle of doubt
503|सड़कछाप व्यवहार|rude, rough behavior|street-stamped behavior|road mark behavior
504|सिर पर चढ़ाना|to pamper excessively|to lift onto the head|put on the head
505|सिर पर हाथ फेरना|to bless affectionately|to stroke the head with the hand|turning the hand over the head
506|सिर पर तूफ़ान टूटना|to face a sudden calamity|a storm to break upon the head|Hurricane breaking on the head
507|सिर खपाना|to rack one’s brains|to wear out the head|head covering
508|सिर ऊँचा करना|to bring honor|to raise the head high|lifting the head
509|सिर झुकाना|to show respect or shame|to bow the head|bow your head
510|सुबह के भूले शाम को घर आ जाएँ तो भूले नहीं कहलाते|better late than never|if the morning’s lost returns home by evening, he’s not called lost|When they come home in the morning, they are not forgotten.
511|अक्ल के घोड़े दौड़ाना|to overthink unnecessarily|to run the horses of intellect|Racing the horses of wisdom
512|अव्वल दर्जे का|of top quality|of first grade|of the highest order
513|अधेड़ उम्र की दिक्कत|middle-age related issues (colloq.)|difficulty of middle age|The trouble of middle age
514|अंगारों पर चलना|to go through hardships|to walk on embers|Walking on grain
515|अंगूठा दिखाना|to refuse bluntly|to show the thumb|thumbs up
516|अंगूठा छाप|an illiterate person (dated)|thumb-impression (person)|thumbprint
517|अंधेर नगरी चौपट राजा|a place with complete mismanagement|city of darkness, ruined king|Andher Nagari Chowpat Raja was born in India.
518|अन्नदान महादान|charity of food is supreme (proverbial)|gift of food is the great gift|food and drink
519|अक्ल ठिकाने लगना|to come to one’s senses|sense to settle into place|Reasonableness
520|कानून हाथ में लेना|to take law into one’s own hands|to take the law in one’s hand|Taking the Law into Your Hands
521|कान पर हाथ रखना|to be alarmed or scared|to place a hand on the ear|hand over the ear
522|कानोंकान खबर न होना|no one gets wind of it|not an ear-to-ear whisper of news|not hearing the news
523|काला-सफेद करना|to decide authoritatively|to make black-white|black and white
524|कलेजे पर पत्थर रखना|to harden one’s heart to do something tough|to place a stone on the liver|Placing a stone on the liver
525|किसी की बैंड बजाना|to thrash or defeat thoroughly|to play someone’s band|playing in someone 's band
526|खुल्लम-खुल्ला कहना|to say openly|to say in the open-open|Speak openly
527|खून गर्म होना|to feel fired up|blood to become hot|warmth of the blood
528|खुशी के मारे फूले न समाना|to be overjoyed|for joy, to swell and not be contained|Do not be overwhelmed by joy
529|गला सूख जाना|to feel nervous or scared|the throat to dry up|dry throat
530|गला काट प्रतिस्पर्धा|cut-throat competition|throat-cut competition|Throat-chopping competition
531|गलती पर पर्दा डालना|to cover up a mistake|to put a curtain over a mistake|Covering up the mistake
532|गले की फाँस|a nagging problem|a thorn in the throat|sore throat
533|गले मिलना|to embrace warmly (reconciliation)|to meet at the neck (embrace)|embrace
534|घड़ी-घड़ी रंग बदलना|to be fickle|to change color every hour-hour|Changing the color of the clock
535|घूम-फिरकर वहीं आना|to end up at the same point|to go round and come back there|Going around and getting there.
536|चक्कर काटना|to make repeated rounds (bureaucracy)|to cut circles|circumambulation
537|चक्की में पिसना|to be crushed by circumstances|to be ground in a mill|grinding in the mill
538|चौबे जी छब्बे बने, दुबे बने न|to aim higher and lose what you had|Mr. Choubey became ‘Chhabbe’, (yet) didn’t become Dubey|The fourteenth became sixteenth and the twelfth became nineteenth.
539|चूँ भी न करना|to not utter a word|to not utter even ‘choo’|not even kissing
540|चोली-दामन का साथ|inseparable relationship|the companionship of blouse and veil|with Choli - Daman
541|छोटा मुँह बड़ी बात|big talk from a small person|small mouth, big talk|The small mouth is the big thing.
542|जुबान पर ताला लगाना|to keep one’s mouth shut|to put a lock on the tongue|locking on the tongue
543|जुबान देना और निभाना|to keep a promise|to give one’s word and keep it|Speaking and acting
544|जुबान की कसम|a solemn vow|oath of the tongue|By the tongue.
545|जान पर बन आना|to be in grave danger|to come upon the life|Becoming Alive
546|जान हथेली पर लेकर फिरना|to live riskily|to carry one’s life on the palm|Carrying a life in the palm of your hand
547|जेब ढीली करना|to spend money|to loosen the pocket|loosening the pocket
548|जेब काटना|to pickpocket / cheat|to cut the pocket|pocket cutting
549|जोर आज़माइश करना|to test strength|to do strength-testing|Trying hard
550|जोर-शोर से करना|to do with great enthusiasm|to do with force and noise|loudly
551|टेंट-टून बजना|to make a loud scene (colloq.)|to go ‘tain-toon’ (clang loudly)|playing tent-tone
552|ठाठ से रहना|to live in style|to live with pomp|being classy
553|डंका पीटना|to announce loudly|to beat the kettle-drum|knocking
554|ढिंढोरा पीटना|to brag publicly|to beat the public drum|beating
555|ढील देना|to be lenient|to give slack|loosen up
556|तारीफ़ के पुल बाँधना|to heap praises|to build bridges of praise|Building Bridges of Commendation
557|तह तक पहुँचना|to get to the root cause|to reach the bottom layer|reaching the bottom
558|तन-मन-धन से|with body, mind, and wealth; wholeheartedly|with body, mind, and wealth|by means of wealth and possessions
559|तार-तार करना|to tear apart reputation|to make into threads|wire
560|तार जोड़ना|to connect the dots|to join the wires|adding strings
561|तीस मार खाँ|a self-proclaimed hero; boaster|Tees Mar Khan (Mr. ‘thirty-strikes’ Khan)|Thirty times
562|तीन में न तेरह में|irrelevant to any group|neither in the three nor in the thirteen|Not in three nor in thirteen.
563|तेल-मसाज करना|to flatter for benefit (colloq.)|to do oil massage|oil massage
564|थक-हार कर बैठ जाना|to give up after trying|to sit down tired and defeated|Sitting down tired
565|थाली का बैंगन बनना|to switch sides easily (opportunist)|to become the plate’s eggplant|Becoming a Plate Bamboo
566|दिमाग का पारा चढ़ना|to lose temper|the mind’s mercury rising|Mercury buildup in the brain
567|दिमाग सातवें आसमान पर|to be overconfident or elated|the mind on the seventh sky|Mind at seventh heaven
568|दिमाग की बत्ती जलना|to suddenly get an idea|the brain’s lamp lighting|Burning the Light of the Mind
569|दाँव खेलना|to take a calculated risk|to play a stake|betting
570|दाँव-पेंच आज़माना|to use tricks or tactics|to try stakes and tricks|Trying the Right Way
571|नाक में नकेल डालना|to bring someone under strict control|to put a halter in the nose|Putting nickel in the nose
572|नाक रगड़ना|to beg desperately|to rub the nose|rubbing the nose
573|नाक ऊँची रखना|to uphold one’s honor|to keep the nose high|keeping the nose up
574|नाक काट कर रख देना|to disgrace someone completely|to cut off the nose and set it down|cutting off the nose
575|नाक पर दम होना|to be short-tempered / easily angered|to have breath on the nose|Dyspnea of the nose
576|नाक का बाल होना|to be a favorite / close confidant|to be the hair of the nose|having nasal hair
577|कान खोलकर सुनना|to listen attentively|to listen with ears open|Listening with an open ear
578|कान देना|to pay attention|to give an ear|to listen
579|कान पकड़ कर माफी मांगना|to apologize earnestly|to hold the ears and ask forgiveness|Apologizing by Holding Your Ear
580|कान के नीचे देना|to slap / scold sharply|to give a blow beneath the ear|put under the ear
581|कान में भनक पड़ना|to get a hint of something|for a hint to fall into the ear|ringing in the ears
582|कान फटना|to hear loud/harsh sounds|for the ear to tear|bursting of the ears
583|कान कतरना|to cheat a little from all sides|to clip the ears|ear scratching
584|आँख बचाकर निकलना|to slip away unnoticed|to slip out hiding from the eyes|Saving the Eye
585|आँखें चार होना|to exchange glances / fall in love|for the eyes to become four|having four eyes
586|आँखें चुराना|to avoid facing someone|to hide the eyes|stealing eyes
587|आँखें तिरछी करना|to squint in doubt|to make the eyes slant|squinting
588|आँखों पर पट्टी बंधना|to be blinded to the truth|for a bandage to be tied on the eyes|blindfolded
589|आँखों में बसाए रखना|to cherish someone deeply|to keep (someone) lodged in the eyes|Keeping your eyes peeled
590|आँखों ही आँखों में इशारा करना|to communicate silently|to signal within the eyes themselves|Looking into each other's eyes
591|हाथ आजमाना|to try one’s hand at something|to try the hand|try your hand
592|हाथ पक्का होना|to be highly skilled|for the hand to be firm|firmness of hand
593|हाथ कंगन|obvious proof; needs no words|bangle on the hand|wrist bracelet
594|हाथ रोक लेना|to restrain oneself|to stop the hand|restraining the hand
595|हाथी के दाँत खाना और, दिखाना और|hypocrisy; different inside vs outside|the elephant’s teeth are for eating and (others) for showing|eating elephant tusks and, showing and
596|हाथ से हाथ धो बैठना|to lose something completely|to wash hand from hand and be left sitting|Hand washing
597|हाथ धो बैठना|to suffer total loss|to wash one’s hands and sit down|washing hands
598|हाथी के पाँव में सबका पाँव|the mighty controls all|in the elephant’s foot, everyone’s foot|Everyone 's feet in the elephant 's feet
599|हाथ पर रखकर देखना|to test practically|to keep it on the hand and see|Watching by hand
600|हाथ टेक देना|to surrender|to place the hands down (in surrender)|giving a handshake
601|पैरों तले की ज़मीन हिलना|to be shocked badly|the ground under the feet to shake|shaking the ground beneath the feet
602|पैर पटकना|to throw a tantrum|to stamp the foot|footstepping
603|पैरों पर कुल्हाड़ी चलाना|to self-sabotage|to swing an axe on one’s own feet|Driving axes on feet
604|पैरों की जूती समझना|to treat with utter disdain|to consider (someone) the shoe of the feet|Understanding the Footwear
605|पैर उखड़ जाना|to lose grip or stability|for the feet to be uprooted|dislocation of the foot
606|पैरों की बेड़ियाँ|constraints that bind progress|shackles of the feet|ankle bracelets
607|पाँव पीछे हटाना|to back out|to move the foot back|withdrawing the foot
608|पैरों पर खड़ा होना|to become self-reliant|to stand on one’s feet|standing on one's feet
609|मुँह में राम, हाथ में छुरी|to be two-faced|Ram in the mouth, knife in the hand|Ram in mouth, knife in hand
610|मुँह पर लौकी रखना|to keep completely silent|to place a bottle gourd on the mouth|Putting lipstick on the mouth
611|मुँह मियाँ मिट्ठू|to boast about oneself|mouth’s own ‘Mitthu’ (parrot)|My mouth is sweet
612|मुँह का कौर छीनना|to snatch someone’s rightful share|to snatch the morsel from the mouth|removing the mucous membrane
613|मुँह का रख लेना|to save face|to keep/save the face of the mouth|keeping your mouth shut
614|मुँह की बात निकल जाना|to blurt something out|the words of the mouth to slip out|word of mouth
615|माथा ठनकना|to get suspicious suddenly|the forehead to tingle|nodding his head
616|माथा ठन जाना|to clash over ego|for foreheads to clash|tingling of the head
617|माथे पर लिखना|to be written on one’s fate/forehead|to be written on the forehead|writing on the forehead
618|माथा टेकना|to bow in submission|to bow the forehead|bow your head
619|दिल का हाल समझना|to understand true feelings|to understand the state of the heart|Understanding the Condition of the Heart
620|दिल बड़ा करना|to be generous/forgiving|to make the heart big|enlarging the heart
621|दिल छोटा करना|to get discouraged|to make the heart small|shortening the heart
622|दिल बहला फुसलाना|to console and distract|to amuse and cajole the heart|Deceiving the heart
623|दिल का धनी|large-hearted person|lord/owner of the heart|rich in heart
624|दिल खोलकर हँसना|to laugh heartily|to laugh with the heart open|Laughter from the heart
625|दिल लगा कर पढ़ना|to study diligently|to study with the heart attached|Reading with Intent
626|दिल हार बैठना|to lose one’s heart (fall in love)|to sit having lost the heart|heart failure
627|दिमाग ठनकना|to get suspicious|for the brain to tinkle/click|wheezing
628|दिमाग चकरा जाना|to get dizzy/confused|the brain to go dizzy|dizziness
629|दिमाग ठंडा रखना|to stay calm|to keep the brain cool|Keeping the Mind Cool
630|दिमाग घिसना|to use brain excessively|to grind/wear down the brain|wriggling of the brain
631|दिमाग पर जोर डालना|to strain the brain|to put pressure on the brain|Stressing the Mind
632|दिमाग सातवें आसमान पर होना|to be over the moon / cocky|the brain to be on the seventh sky|Being in the seventh heaven
633|दाँत पीसकर रह जाना|to swallow anger silently|to remain gnashing the teeth|grinding of teeth
634|दाँत नाखून दिखाना|to show aggression|to show teeth and nails|showing teeth and nails
635|दाँतों तले अंगुली आ जाना|to be stunned with surprise|for a finger to come under the teeth|Fingering under the teeth
636|दाँत खींच लेना|to break someone’s courage|to pull out the teeth|pulling teeth
637|जुबान चलती रहना|to keep blabbering|the tongue to keep running|keep the tongue moving
638|जुबान मीठी करना|to speak sweetly to please|to make the tongue sweet|sweetening the tongue
639|जुबान फँसना|to get tongue-tied|the tongue to get stuck|tongue trapping
640|जुबान दराज़ होना|to be insolent in speech|the tongue to be long|stiffness of the tongue
641|जुबान पर लगाम लगाना|to control speech|to put a bridle on the tongue|control of the tongue
642|कलेजे में आग लगना|to burn with jealousy/grief|for fire to catch in the liver|College fire
643|कलेजे में ठंडक पड़ना|to feel satisfied after justice|for coolness to fall in the liver|Having a cold in college
644|खून खौल उठना|to boil with rage|the blood to boil up|boiling of blood
645|खून खून होना|to be very close blood relations|for blood to be blood|to bleed
646|खून पिला देना|to torment someone severely|to make (someone) drink blood|bloodletting
647|खून में दौड़ना|to be in one’s nature|to run in the blood|Running in blood
648|खून पिघलना|to feel compassion|for the blood to melt|melting of blood
649|खून मांगना|to demand revenge|to demand blood|asking for blood
650|पसीना सुखाना|to exploit someone’s hard work|to dry the sweat|sweating
651|पसीना पोछना|to relieve someone’s hardship|to wipe the sweat|sweating
652|पसीना निकाल देना|to scare/work someone badly|to make the sweat come out|sweating
653|रातों की नींद हराम करना|to keep someone sleepless|to make the sleep of nights forbidden|It can be difficult to sleep at night.
654|रातों रात भाग्य बदलना|fortune to change overnight|to change fate overnight|Overnight change of fortune
655|रात काटना|to somehow pass a tough night|to cut/pass the night|spending the night
656|सिर पर चढ़ बैठना|to take undue advantage of leniency|to climb and sit on the head|sitting on the head
657|सिर पर हाथ रखना|to bless or protect|to place a hand on the head|hand on head
658|सिर पर कर्ज़ चढ़ना|to be burdened with debt|for debt to climb onto the head|In the meantime, I have to work hard to get out of debt.
659|सिर से पानी गुजरना|to cross all limits / patience|for water to pass over the head|Water passing through the head
660|सिर फोड़ लेना|to take all the blame/work alone|to break one’s head|scratching the head
661|सिर फटना|to get a splitting headache / big fight|for the head to split|bursting of the head
662|सिर घुमाना|to confuse someone|to turn/spin the head|turning of the head
663|सीना ठोकना|to boast confidently|to thump the chest|throbbing in the chest
664|सीना चौड़ा होना|to feel proud|for the chest to become broad|widening of the chest
665|सीना फुलाना|to puff up with pride|to inflate the chest|swelling of the chest
666|सीने पर पत्थर रखना|to do something painful bravely|to place a stone on the chest|Putting a stone on the chest
667|सीने में कील चुभना|to feel deep hurt|for a nail to prick in the chest|Nail piercing in the chest
668|छाती पर बोझ रखना|to keep guilt/weight on heart|to place a load on the chest|carrying a load on the chest
669|छाती धौंकनी चलना|to pant with anger/fear|for the chest’s bellows to pump|throbbing in the chest
670|छाती पर मूँग दल देना|to oppress cruelly|to grind mung beans on the chest|Plucking on the chest
671|आगाह करना|to warn in advance|to forewarn|to warn
672|आग-बबूला कर देना|to enrage someone greatly|to turn (someone) fire-furious|The burning of a fire.
673|आग में तपना|to go through severe trials|to be tempered in fire|boiling in fire
674|आग ठंडी कर देना|to pacify anger|to make the fire cool|The cooling of the fire
675|आग फूँकना|to provoke conflict|to blow the fire|blowing fire
676|आग लगा बैठना|to cause trouble unknowingly|to set fire and sit (having done it)|sit on fire
677|आग बुझाना|to resolve a heated situation|to extinguish the fire|extinguishing fire
678|आग से निकाल कर राख करना|to ruin after rescuing|to take out from fire and make ash|Removing ash from the fire
679|रंग पकड़ना|to mature or become noticeable|to catch color|catching colour
680|रंग उड़ जाना|to lose color/enthusiasm|for color to fly away|flying colour
681|रंगत फीकी पड़ना|to look dull/sickly|for the complexion to turn faint|color fading
682|रंग चढ़ना|to intensify (influence/celebration)|for the color to mount|coloring
683|रंग बदलते देखना|to witness changing loyalties|to see colors changing|Watching the color change
684|नाक सूँघना|to pry into someone’s matters|to sniff the nose|runny nose
685|नाक का बाल बन जाना|to become someone’s favorite|to become the hair of the nose|The development of nasal hair
686|नाक दबा देना|to silence forcefully|to press the nose down|squeezing the nose
687|नाक का पानी उतरना|to be utterly humiliated|for the nose’s water to come down|runny nose
688|कान खींचना|to scold/punish strictly|to pull the ear|pulling the ears
689|कान देना-न देना|to ignore what’s being said|to give an ear—or not|To listen or not to listen
690|कान फूंकना|to warn privately|to blow into the ear|blowing out the ears
691|कान पर हाथ धरे रह जाना|to be shocked speechless|to remain with a hand placed on the ear|Holding hands over the ears
692|आँख मिलाना|to meet the gaze confidently|to join/match eyes|eye contact
693|आँख नीची करना|to lower eyes in shame|to lower the eyes|lowering the eye
694|आँखें झुकाना|to be modest/shy|to cast the eyes down|squinting
695|आँखें तरेर कर देखना|to glare angrily|to look by glaring the eyes|Looking with open eyes
696|आँखें चमक उठना|to become excited|for the eyes to light up|blinking of the eyes
697|आँखें नम होना|to get teary-eyed|for the eyes to become moist|moisture in the eyes
698|आँखें धोखा खा जाना|to be visually deceived|for the eyes to be deceived|Deceiving eyes
699|आँख का तारा|apple of the eye|the star of the eye|star of the eye
700|आँख का तिल|someone extremely dear|the mole/beauty-spot of the eye|eye moles
701|हाथ से काम निकलना|to get work done by others|for work to come out from the hand|working out by hand
702|हाथ गंदा करना|to do dirty/lowly work|to make the hand dirty|getting your hands dirty
703|हाथ पर नाग रखना|to sit idle doing nothing|to keep a snake on the hand|holding a snake on your hand
704|हाथ डूबना|to sink resources into loss|for the hand to drown|drowning hands
705|हाथ थामे रह जाना|to stay dependent|to remain holding the hand|holding hands
706|हाथ काटकर अलग करना|to sever ties completely|to cut off the hand and separate|cutting off the hand
707|पाँव धरना|to set foot (begin)|to set/place the foot|footing
708|पाँव पसारकर सोना|to relax without worry|to sleep with feet stretched out|Spread your legs and go to sleep.
709|पाँव फिसलना|to make a slip/mistake|for the foot to slip|slippery foot
710|पाँव भारी होना|to be pregnant (euphemistic)|for the foot to be heavy|heaviness of the foot
711|पाँव के नीचे से जमीन खींच लेना|to pull the rug from under|to pull the ground from under the feet|Pulling the ground under the feet
712|पाँव तले रौंदना|to crush mercilessly|to crush under the feet|trampling underfoot
713|पाँव रोक देना|to restrain someone|to stop the foot|stopping foot
714|मुँह फुलाना|to sulk|to puff the mouth|swelling of the mouth
715|मुँह पर ताला लगाना|to stay tight-lipped|to put a lock on the mouth|locking the mouth
716|मुँह तक आकर लौट जाना|to almost say but stop|to come up to the mouth and turn back|Going back to the mouth
717|मुँह फूटना|to blurt under pressure|for the mouth to burst (into speech)|bursting at the mouth
718|मुँह के बल गिरना|to fail badly|to fall face-first|falling over the face
719|मुँह-माँगा दाम|price asked without bargaining|price asked by the mouth|low price
720|मुँह में खून लगना|to become greedy after first gain|to get blood in the mouth|bleeding in the mouth
721|मुँह में लौकी डालना|to hush someone completely|to put a bottle gourd in the mouth|Putting onions in the mouth
722|मुँह का स्वाद बदलना|to lighten the mood|to change the taste of the mouth|Changes in mouth taste
723|माथा ठोककर मानना|to accept with resignation|to accept by knocking the forehead|nodding your head
724|माथे का पसीना पोंछना|to finish hard work|to wipe the sweat of the forehead|wiping the forehead with sweat
725|माथे की लकीरें|lines of fate/concern|lines on the forehead|forehead lines
726|माथे पे शिकन|wrinkles of worry|wrinkles on the forehead|wrinkling of the forehead
727|माथा घूम जाना|to feel dizzy/overwhelmed|for the head/forehead to spin|dizziness
728|माथे पर हाथ मारना|to smack the forehead in regret|to strike the hand on the forehead|clapping on the forehead
729|दिल दहला देना|to horrify|to make the heart tremble|to warm the heart
730|दिल में घर कर लेना|to make a place in one’s heart|to make a home in the heart|Taking Home in the Heart
731|दिल पर चोट लगना|to be emotionally hurt|to have a blow strike the heart|injury to the heart
732|दिल पे लेना-न लेना|to take/not take to heart|to take on the heart—or not|Taking it to heart
733|दिल का रोग|heartache/grief|disease of the heart|heart disease
734|दिल की बात कहना|to confide|to say the heart’s matter|Speak from the heart
735|दिमाग घूम जाना|to get furious or confused|the mind spinning|dizziness
736|दिमाग पर पत्थर रखना|to force oneself against feelings|to place a stone on the brain|Putting a stone on the head
737|दिमाग में कील ठोकना|to insist hard on a point|to hammer a nail into the brain|Nails in the brain
738|दिमाग की नस दबना|to lose calm badly|for the brain’s vein to be pressed|Narrowing of the spinal cord
739|दिमाग ठप्प होना|to have a mental block|for the brain to be shut down|brain stasis
740|दाँत दिखाना-न दिखाना|to mock or avoid mocking|to show the teeth—or not show|showing or not showing teeth
741|दाँत लगना|to become accustomed (badly)|for the teeth to catch|tooth decay
742|दाँत भींचना|to endure silently|to clench the teeth|tooth whitening
743|दाँत की नोक पर रखना|to remember exactly|to keep on the tip of the tooth|Putting on the tooth tip
744|दाँत-काटे का बैर|deadly enmity|tooth-bitten enmity|tooth - cutting bar
745|जुबान की मिठास|sweetness of speech|sweetness of the tongue|sweetness of tongue
746|जुबान सरकना|to slip of the tongue|for the tongue to slip|slip of the tongue
747|जुबान की धार|sharpness of words|the edge/blade of the tongue|edge of the tongue
748|जुबान को ताला|to keep silent|a lock to the tongue|lock the tongue
749|खून खौल जाना|to boil with rage|for the blood to boil|boiling of blood
750|खून सूख जाना|to be terrified or horrified|for the blood to dry up|dehydration
751|खून पीना|to exploit harshly|to drink blood|drinking blood
752|खून के आँसू रोना|to suffer painfully|to cry tears of blood|Crying tears of blood
753|पसीना चूना|to toil severely|for sweat to drip|sweaty lime
754|पसीना टपकना|to sweat profusely|for sweat to drip|dripping sweat
755|पसीना रोक देना|to relieve / cool down|to stop the sweat|stop sweating
756|सीने में साँप लोटना|to be eaten up by jealousy|for a snake to roll in the chest|Wrapping a snake in your chest
757|सीने-से-लगाना|to embrace warmly|to press to the chest|breast-to-breast
758|सीना-जोरी करना|to browbeat|to do chest-force (browbeating)|sewing
759|सीने में धुआँ उठना|to smolder with anger|for smoke to rise in the chest|Smoking in the chest
760|आग सलाख करना|to test by ordeal|to do a fire-rod ordeal|barking up the wrong tree
761|आग में घिरना|to be surrounded by trouble|to be surrounded in fire|surrounded by fire
762|आग सेंकना|to take advantage amid conflict|to warm oneself at the fire|cooking fire
763|आग ओकना|to speak venomously|to spew fire|burning
764|आग बुझा बैठना|to lose spirit prematurely|to sit having put out the fire|extinguishing fire
765|रंग में रंग जाना|to blend in completely|to be colored in the same color|coloring in color
766|रंग उछालना|to malign someone publicly|to fling/throw color|bouncing colour
767|रंगत लौटना|to regain glow/cheer|for the complexion to return|colored return
768|नाक घुसाना|to interfere unnecessarily|to insert the nose|stuffing the nose
769|नाक मरोड़ना|to insult or humiliate publicly|to twist the nose|wringing of the nose
770|नाक पर गुस्सा होना|to get angry quickly|to have anger on the nose|irritation of the nose
771|नाक नीचे करना|to make someone feel inferior|to put the nose down|lowering the nose
772|नाक का बाल खींचना|to criticize harshly|to pull the hair of the nose|pulling nose hair
773|कान में भनक लगना|to get a small hint about something|for a hint/buzz to catch in the ear|ringing in the ears
774|कान में फूँक मार देना|to secretly manipulate someone|to blow a puff into the ear|blowing in the ear
775|कान पकड़े रह जाना|to stay astonished or scared|to remain holding the ears|keeping your ears closed
776|कान के नीचे थप्पड़ मारना|to slap soundly (figuratively punish)|to slap below the ear|slapping under the ear
777|कान में सीटी बजना|to hear unpleasant sounds / tinnitus|for a whistle to sound in the ear|whistling in the ear
778|आँखों से आँसू पोछना|to comfort someone in sorrow|to wipe tears from the eyes|Washing tears from eyes
779|आँखों में बसा लेना|to remember fondly|to lodge/settle in the eyes|settling in the eyes
780|आँखें फेर लेना|to turn away / stop supporting|to turn the eyes away|looking away
781|आँख मूँदकर भरोसा करना|to trust blindly|to trust with eyes closed|The Bible teaches us to trust in God.
782|आँखों के आगे अंधेरा छा जाना|to be momentarily shocked|for darkness to spread before the eyes|Darkness before the eyes
783|आँख बचाकर काम करना|to do secretly|to do the work after evading the eyes|Keeping an Eye Out
784|आँख खुलना|to become aware of truth|for the eye to open|eye opening
785|आँखों में आँसू भर आना|to feel deeply emotional|for tears to fill the eyes|Tears in the eyes
786|आँखें नीची करना|to bow in embarrassment or respect|to lower the eyes|lowering the eyes
787|हाथ तंग होना|to be financially tight|for the hands to be tight|tightness of the hand
788|हाथ ऊपर होना|to be superior in status or strength|for the hand to be above|hand up
789|हाथ नीचे होना|to lose or be defeated|for the hand to be below|hands down
790|हाथ जोड़ना|to plead or show respect|to join the hands|joining hands
791|हाथ में काम न होना|to be idle|to have no work in the hand|Lack of hands
792|हाथ न लगाना|to avoid touching / involvement|to not touch with the hand|not touching
793|हाथ छुड़ाना|to escape from control|to pull the hand free|loosening the hand
794|हाथ रोक देना|to stop mid-action|to stop the hand|holding back the hand
795|पैर रखना भी पाप|to be forbidden to enter|even to set foot is a sin|It 's also a sin to put your feet up .
796|पैर जमने न देना|to obstruct someone’s progress|to not let the feet set|Do not let your feet stand still
797|पैर पर पाँव रखना|to challenge or overtake|to place foot upon foot|standing on the foot
798|पैरों में गिरना|to beg for mercy|to fall at the feet|falling to the feet
799|पैर भारी होना|to bring bad luck (figuratively)|for the foot to be heavy|heaviness of legs
800|पैर धोना|to show deep respect|to wash the feet|foot washing
801|पैर पकड़ लेना|to surrender humbly|to catch/hold the feet|grasping feet
802|पैर रोक लेना|to hesitate before action|to hold back the foot|stopping foot
803|मुँह मोड़ लेना|to turn away emotionally|to turn the mouth/face aside|turning away
804|मुँह बंद कर देना|to silence completely|to shut the mouth|shut your mouth
805|मुँह चलाना|to speak unnecessarily|to run the mouth|running the mouth
806|मुँह लगाना|to get too familiar with elders|to put (someone) to the mouth|mouthing
807|मुँह मीठा होना|to taste success|for the mouth to become sweet|sweetness of mouth
808|मुँह बिचकाना|to show irritation or disgust|to pucker/twist the mouth|wringing of the mouth
809|मुँह पीटना|to cry loudly in distress|to beat the mouth/face|spanking
810|मुँह धुलवाना|to publicly humiliate|to have the mouth/face washed|mouth washing
811|माथे पर शिकन डालना|to frown slightly|to put a crease on the forehead|Squeezing the forehead
812|माथे पर लकीरें पड़ना|to show anxiety or anger|for lines to fall on the forehead|Stripes on the forehead
813|दिल में जगह बनाना|to win affection|to make a place in the heart|Make room in the heart
814|दिल में काँटे चुभना|to feel deeply hurt|for thorns to prick in the heart|A thorn in the heart
815|दिल में खटका होना|to have a lingering doubt|for a jolt/unease to be in the heart|heart palpitations
816|दिल में गुस्सा रखना|to hold a grudge|to keep anger in the heart|Keeping Anger in the Heart
817|दिल की गहराई से|from the bottom of one’s heart|from the depth of the heart|From the bottom of my heart
818|दिल हिल जाना|to be shaken emotionally|for the heart to shake|heartbeat
819|दिल बाग़-बाग़ होना|to feel immense joy|for the heart to become a garden|The Garden of the Hearts
820|दिल टूटकर रह जाना|to be devastated|to remain with the heart broken|being heartbroken
821|दिल को सुकून मिलना|to find peace|for the heart to find peace|How can we find peace of mind?
822|दिमाग खराब कर देना|to frustrate someone badly|to make the brain bad|Destroying the brain
823|दिमाग ठिकाने लग जाना|to become sensible again|for the brain to be set in place|Becoming mentally unstable
824|दिमाग पर बोझ डालना|to overthink|to place a burden on the brain|Stress on the brain
825|दिमाग गुम होना|to lose one’s senses|for the brain to be lost|loss of consciousness
826|दिमाग की बत्ती बुझ जाना|to go blank suddenly|for the brain’s lamp to go out|The light of the mind goes out.
827|दाँत किटकिटाना|to shiver in cold or fear|to chatter the teeth|tooth grinding
828|दाँत नाखून से काम लेना|to struggle hard|to use teeth and nails|Tooth - to - nail work
829|दाँतों तले अंगुली दबाना|to be stunned in awe|to press a finger under the teeth|Pressing the finger under the teeth
830|जुबान बंद कर देना|to silence someone completely|to shut the tongue|shutting down the tongue
831|जुबान काट लेना|to regret words spoken|to bite the tongue|cutting off the tongue
832|जुबान कसना|to rebuke harshly|to tighten the tongue|stiffening of the tongue
833|जुबान के पक्के|to be true to one’s word|firm/steadfast of tongue|stiffness of the tongue
834|जुबान पर ताला|to keep secrets locked|a lock on the tongue|lock on tongue
835|जुबान फिसल जाना|to say something accidentally|for the tongue to slip|slip of the tongue
836|जुबान सरक जाना|to misspeak|for the tongue to slide|slip of the tongue
837|जुबान की मिठास रखना|to speak kindly|to keep sweetness of the tongue|Keeping the Sweetness of the Tongue
838|खून का रिश्ता निभाना|to uphold family ties|to uphold a blood relationship|To be related by blood
839|पसीना रोकना|to relieve effort|to stop sweat|stopping sweating
840|पसीने-पसीने होना|to be drenched with effort|to become sweat-sweat (drenched in sweat)|sweating
841|सीने में दर्द होना|to feel emotional pain|to have pain in the chest|chest pain
842|सीने में जलन होना|to feel envy|to have burning in the chest|burning in the chest
843|सीने में लावा उठना|to boil in anger|for lava to rise in the chest|Lava rising in the chest
844|सीने पर बोझ होना|to feel guilt or burden|to have a burden on the chest|burden on the chest
845|सीने में आग लगना|to feel jealous or provoked|for fire to be set in the chest|Fever in the chest
846|रंग दिखाना|to reveal true colors|to show color|Show colour
847|रंगीन होना|to enjoy life freely|to become colorful|colourful
848|रंग फीका पड़ना|to lose enthusiasm|for the color to fade/pale|color fading
849|रंग उड़ना|to fade away|for the color to fly/fade|flying colour
850|रंग जमना|to gain traction|for color to set|colour freezing
851|रंग लगना|to start celebrating|to have color applied|coloring
852|रंग में रँग जाना|to blend or adapt fully|to be dyed in the color|staining in color
853|अति सर्वत्र वर्जयेत|too much of anything is bad|excess should be avoided everywhere|very ubiquitously tabooed
854|अपना उल्लू सीधा करना|to act selfishly for personal gain|to straighten one’s owl|Straightening your owl
855|अक्ल ठिकाने लगाना|to make someone sensible|to set the sense in its proper place|Reasonableness
856|अंगूर खट्टे हैं|to pretend disinterest after failure|the grapes are sour|The grapes are sour.
857|अपनी डींगे हाँकना|to brag about oneself|to blare one’s own boasts|Showing off your pride
858|अपनी नाक ऊँची रखना|to maintain self-respect|to keep one’s nose high|Keeping your nose up
859|अपना राग अलापना|to talk only about oneself|to chant one’s own tune|Let go of your anger
860|अंधे का हाथ बटेर लगना|to gain something valuable by accident|a blind man’s hand finds a quail|Blindness of the hand
861|अंधेरे में रखना|to hide the truth deliberately|to keep (someone) in the dark|keeping in the dark
862|अपनी गलती मानना|to accept one’s fault|to accept one’s own mistake|Accepting Your Fault
863|अपनी डफली अपना राग|to do things one’s own way|one’s own drum, one’s own tune|Your duffly your rag
864|अक्ल का पैमाना टूट जाना|to act beyond reason|the gauge of wisdom breaks|The breakdown of the intellectual scale
865|अक्ल घास चरने जाना|to act utterly foolish|the intellect goes to graze grass|Going out to pasture
866|अंधे के हाथ तिलक लगना|rare stroke of luck|a tilak falls upon a blind man’s hand|Blindness of the hand
867|अंधा बांटे रेवड़ी|to favor one’s own people|a blind man distributes sweets|blindly divided herd
868|अंधे की लकड़ी|someone completely dependent on another|the blind man’s stick|wood of the blind
869|अंधे की लाठी छीनना|to exploit the helpless|to snatch the blind man’s staff|Taking away the wand of the blind
870|अंधे की भी आँख खुल गई|even the ignorant realized the truth|even the blind man’s eye opened|And the eyes of the blind were opened.
871|अंधे की रोटी गीली|when bad luck persists|the blind man’s bread is soggy|The blind man's bread was wet.
872|अंधे का नाम सुना, आँखों से नहीं देखा|to hear about something but not experience it|heard the name, not seen with the eyes|Hearing the name of the blind, not seeing with the eyes
873|अंधा क्या चाहे, दो आँखें|people desire what they lack most|what does a blind person want—two eyes|What a blind man wants, two eyes.
874|अंधेरे में रखा जाना|to be kept uninformed|to be kept in darkness|being kept in darkness
875|अंधे को सूरज दिखाना|to tell something obvious|to show the sun to a blind person|Showing the Sun to the Blind
876|अंधे को रास्ता दिखाना|to guide the clueless|to show the path to the blind|Guiding the Blind
877|अंधेरे में बैठना|to stay in ignorance|to sit in darkness|Sitting in the dark
878|अंधा धुन में लगे रहना|to do something mindlessly|to remain stuck in a blind fixation|Being blindly attuned
879|अंधेरे में सुई खोजना|to attempt the impossible|to search for a needle in the dark|Finding a Needle in the Dark
880|अंधे के हाथ में दीपक|a resource wasted on the incapable|a lamp in a blind person’s hand|Lamp in the Hand of a Blind Man
881|अंधा ऊँट सवारी करना|to take foolish risks blindly|to ride a blind camel|riding a blind camel
882|अंधेरे में रोशनी फैलाना|to spread awareness among the ignorant|to spread light in the darkness|Spreading Light in the Dark
883|अंधा राजा प्रजा अंधी|leader and followers both foolish|blind king, subjects blind|The blind king, the blind people.
884|अंधे के भाग्य में चमक|to get lucky unexpectedly|a sparkle in the blind man’s fate|Glowing in the Fate of the Blind
885|अंधे को रास्ता न सूझना|to be completely lost|for a blind person not to perceive the path|Do not guide the blind
886|अंधा प्रेम करना|to love without reason|to love blindly|Blindly Loving
887|अंधे को हाथ का सहारा|a small help to someone in need|the hand’s support for a blind person|Helping the Blind
888|अंधे की लाठी|only source of dependence|a blind man’s staff|the stick of the blind
889|अंधे को सपने में रोशनी दिखना|to imagine impossible hope|light appearing in a blind man’s dream|Seeing a Light in a Dream to a Blind Person
890|अंधेरे में रहना|to be ignorant|to live/stay in darkness|Being in the dark
891|अंधेरे में रास्ता ढूँढना|to act without clear plan|to find a path in the dark|Finding the Way in the Dark
892|अंधेरे में छिपाना|to conceal wrong deeds|to hide in the dark|Hiding in the dark
893|अंधा रेवड़ी बाँटे|favoring without fairness|the blind (man) distributes sweets|Blind Shepherds Share
894|अंधे की किस्मत|blind luck / chance success|the blind man’s luck|The Fate of the Blind
895|अंधे को रंग दिखाना|to try to explain the unexplainable|to show color to a blind person|Showing Color to the Blind
896|अंधे का नाम सुना, चेहरा नहीं देखा|heard about but never met|heard the name, did not see the face|Heard the blind man's name, didn't see his face.
897|अंधा क्या देखे, दो आँखें|one always desires what they lack|what can a blind see—(he needs) two eyes|What the Blind See, Two Eyes
898|अंधा गुस्सा करना|to get blindly angry|to do blind anger|being blindly angry
899|अंधेरे में डूब जाना|to fall into ignorance or despair|to sink into darkness|In the darkness.
900|अंधे के भाग्य में छेद|to have perpetual bad luck|a hole in the blind man’s fate|The Hole in the Blind Man's Destiny
901|अंधे का भाग्य जागना|to get lucky suddenly|the blind man’s fortune awakens|The Fate of the Blind Awakening
902|अंधेरे में भटकना|to wander without direction|to wander in darkness|Wander in the dark
903|अंधा प्रेम अंधा परिणाम|blind love leads to trouble|blind love, blind result|Blind love is the result of blindness.
904|अंधेरे में रहकर उजाला ढूँढना|to struggle for wisdom amidst ignorance|to seek light while staying in darkness|In the midst of the darkness, we find the light.
905|अंधे के हाथ दीपक लगना|to get help at the right time|a lamp attaching to a blind man’s hand|Blind hands lighting a lamp
906|अंधा भी रास्ता पहचान गया|even the unaware understood|even the blind recognized the way|Even the Blind One Knows the Way
907|अंधेरे से डरना|to fear ignorance or truth|to fear darkness|Fear of the Dark
908|अंधे को सीधा रास्ता दिखाना|to guide righteously|to show the straight path to a blind person|Guiding the Blind
909|अंधेरे में दीप जलाना|to bring hope in darkness|to light a lamp in the dark|Lighting a lamp in the dark
910|अंधेरे में ताकना|to look aimlessly|to gaze into the dark|Staring into the dark
911|अंधे को नजर आना|to gain realization unexpectedly|to become visible to a blind person|Seeing the Blind
912|अंधे का रास्ता रोकना|to block someone’s progress unjustly|to block the blind man’s path|Barring the Way of the Blind
913|अंधेरे में खोज करना|to explore with uncertainty|to search in the dark|Searching in the Dark
914|अंधे की चड्डी चुराना|to mock the helpless|to steal a blind man’s underpants|stealing a blind man's shorts
915|अंधे को दर्पण देना|to give something useless to someone incapable|to give a mirror to a blind person|Mirroring the Blind
916|अंधेरे का फायदा उठाना|to exploit ignorance|to take advantage of darkness|How can we make use of the darkness?
917|अंधेरे में झांकना|to peep into the unknown|to peep into the dark|peeping in the dark
918|अंधेरे से बाहर आना|to come out of ignorance|to come out of darkness|Getting Out of the Darkness
919|अंधा राजा राज्य चलाना|incompetent leadership|a blind king running the kingdom|Blind King Running the State
920|अंधे की झोपड़ी में रोशनी|to find hope where none was expected|light in the blind man’s hut|Light in the dark
921|अंधा काँटा निकालना|to help at personal risk|to remove a thorn blindly|removing a blind fork
922|अंधा कानून चलाना|to enforce law without logic|to run/apply blind law|Blindly Following the Law
923|अंधे को अंधेरे में छोड़ना|to abandon someone helpless|to leave the blind in darkness|Leaving the blind in the dark
924|अंधेरे में रहना नहीं चाहिए|one should not stay ignorant|one should not stay in darkness|Do not stay in the dark
925|अंधे को दिशा देनी चाहिए|to help the clueless find their way|one should give direction to a blind person|The blind must be guided.
926|अंधेरे से डरना नहीं चाहिए|one should not fear truth|one should not fear darkness|Don't Be Afraid of the Dark
927|अंधेरे में दीप जलाना अच्छा है|to bring light even when alone|it is good to light a lamp in the dark|Lighting a lamp in the dark is good
928|धरती पर पैर रखना|to stay humble despite success|to place feet on the earth|Putting feet on the ground
929|आसमान से गिरना|to lose everything suddenly|to fall from the sky|falling from the sky
930|हवा में उड़ना|to daydream or be overconfident|to fly in the air|flying in the air
931|पानी में रहकर मगर से बैर|to pick fights with powerful people|living in water, enmity with the crocodile|In the water, the monkey hates monkeys.
932|खुशियों के झूले झूलना|to live in joy|to swing on swings of happiness|The swings of happiness
933|रंगीन मिज़ाज होना|to be flirtatious or fun-loving|to have a colorful temperament|Being colorful
934|दिल से खेलना|to toy with someone’s feelings|to play with the heart|Playing with the heart
935|दिल का मामला|a romantic issue|matter of the heart|heart condition
936|दिल बड़ा रखना|to be generous or forgiving|to keep the heart big|Keeping the Heart Wide
937|दिल छोटा मत करो|don’t lose hope|don’t make the heart small|Don't cut your heart out.
938|दिल लगाना और तोड़ना|to fall in and out of love|to attach the heart and break it|Heartbreaking and heartbreaking
939|दिल का बोझ हल्का करना|to share feelings and feel relieved|to lighten the heart’s burden|Lightening the Burden of the Heart
940|दिल से दिल का रिश्ता|a close emotional connection|heart-to-heart relationship|A heart - to - heart relationship
941|दिल में आग लगाना|to provoke jealousy or passion|to set fire in the heart|Fire in the heart
942|दिल देना और लेना|to love and reciprocate|to give and take the heart|Giving and Taking
943|दिल पर राज करना|to rule someone’s heart|to rule over the heart|Reigning over the heart
944|दिल पर बोझ होना|to feel guilt or heaviness|to have a burden on the heart|burden on the heart
945|दिमाग में खिचड़ी पकना|to overthink randomly|khichdi cooking in the mind|Having hiccups in the brain
946|दिमाग का दही बनाना|to confuse someone completely|to make the brain into curd|How to make brain yogurt
947|दिमाग खपाना|to think very hard|to expend/wear out the brain|brainstorming
948|दिमाग लगाना ज़रूरी है|to use common sense|it is necessary to apply the brain|It is important to be mindful.
949|मुँह में ज़ुबान नहीं|to be timid or silent|no tongue in the mouth|No tongue in the mouth
950|मुँह पर बोलना|to speak directly|to speak on the face|mouth talk
951|मुँह मीठा कराना|to celebrate success with sweets|to make the mouth sweet|to sweeten the mouth
952|नाक कटना|to lose honor|for the nose to be cut|cutting off the nose
953|नाक ऊँची करना|to make someone proud|to raise the nose high|raising the nose
954|नाक बचाना|to save face|to save the nose|protecting the nose
955|नाक दबाना|to force acceptance|to press the nose|squeezing the nose
956|नाक चढ़ाना|to act proudly|to raise the nose|stuffing the nose
957|कान खड़े करना|to become alert|to make the ears stand up|raising ears
958|कान में बात डालना|to inform secretly|to put the matter into the ear|Putting in the ears
959|कान में जूँ न रेंगना|to remain unaffected|not even a louse crawls in the ear|Not crawling lice in the ear
960|पैरों तले ज़मीन खिसकना|to be shocked or panicked|the ground slipping from under the feet|Sliding the ground underfoot
961|पैर उखड़ना|to lose stability|for the feet to get uprooted|dislocation of the foot
962|हाथ बाँधकर बैठना|to stay idle or helpless|to sit with hands tied|sitting handcuffed
963|हाथ उठाना|to hit or bless|to raise the hand|raising hands
964|हाथ साफ़ करना|to steal cleverly|to clean the hand|washing hands
965|हाथ में खेलना|to control completely|to play in the hand|playing in the hand
966|सिर पर चढ़ना|to take advantage of leniency|to climb on the head|climbing on the head
967|सिर पर सवार होना|to be obsessed or enraged|to be mounted on the head|riding on the head
968|सिर ऊँचा रखना|to uphold dignity|to keep the head high|Keeping the head up
969|सिर पर तूफ़ान लाना|to invite big trouble|to bring a storm upon the head|Bringing a Storm to the Head
970|सिर फोड़ना|to fight violently|to smash/break the head|scratching the head
971|सिर पर कर्ज़ होना|to be in debt|to have debt on the head|Debt on the head
972|सिर का दर्द|a troublesome person|pain of the head|headache
973|सीने में जलन|to feel envy|burning in the chest|burning in the chest
974|सीने पर बोझ|to feel guilt or burden|burden on the chest|burden on the chest
975|सीने में हवा भरना|to instill pride or ego|to fill air into the chest|filling the chest with air
976|सीना ठंडा होना|to feel relieved or avenged|for the chest to become cool|chest coldness
977|सीने पर हाथ रखना|to make a heartfelt promise|to keep a hand on the chest|Holding hands on the chest
978|सीने में साँस न लेना|to be extremely scared|to not take breath in the chest|Shortness of breath in the chest
979|मन बनाना|to make up one’s mind|to make up the mind|make up your mind
980|मन भर जाना|to lose interest|for the mind to become full|fullness of mind
981|मन खुश करना|to please someone|to make the mind happy|pleasing the mind
982|मन बदलना|to change opinion suddenly|to change the mind|change of mind
983|मन लगाकर काम करना|to work sincerely|to work having set the mind|work with your mind
984|मन जीत लेना|to win hearts|to win the mind|Conquering the Mind
985|पहला पत्ता गिरने से पहले|by autumn / before the first leaf falls|before the first leaf falls|Before the first leaf falls
986|जंजीरों में बंधा महसूस करना|to feel chained or trapped|to feel bound in chains|Feeling chained in chains
987|मेरी बुरी किस्मत|just my bad luck|my bad luck|My bad luck
988|मेरे जीते-जी|over my dead body / as long as I’m alive|while I'm alive|My win-win
989|दुम दबाकर निकल लेना|to run away in fear (tail between legs)|to slip away with tail tucked|Pulling out
990|घुटने टेक देना|to surrender / kneel in defeat|to kneel down|kneeling
991|कौड़ियों के भाव|for a pittance / dirt cheap|at the price of cowries (shells)|expression of cocoons
992|हाथ गंदे करना|to get one’s hands dirty (do something unsavory)|to make one's hands dirty|getting your hands dirty
993|लाड़-प्यार करना|to pamper / spoil|to dote and pamper|flirting
994|हर तरफ से घेर लेना|to box in / surround on all sides|to surround from all sides|encircling from all sides
995|दिमाग पर छा जाना|to get stuck in one’s head|to spread over the mind|being overwhelmed
996|धंधा पहले, मज़ा बाद में|business before pleasure|business first, fun later|Business first, fun later
997|आसमान छूना (भाव/कीमतें)|to be sky-high (prices, rates)|to touch the sky (prices/rates)|touching the sky (prices)
998|औरत के पल्लू में छिपना|to hide behind a woman’s pallu (show cowardice)|to hide behind a woman's pallu|hiding in a woman's lap
999|बच्चों को भूखा मारना|to let the kids go hungry / starve|to starve the children|starving children
